Workbook

Sheet 단원별DB
A1: 영역 | B1: 세부단원 | C1: 구분 | D1: 순위 | E1: 가중치 | F1: Q번호 | G1: 문제 | H1: 핵심어 | I1: 시험용 답안 | J1: 평균배점 | K1: 출제회차 | L1: 분류
A2: A 기초심리평가 | B2: MMPI·다면적 인성검사 | C2: 메인 | D2: 4 | E2: 9.39 | F2: Q71 | G2: MMPI 상승 분석에서 4-9/9-4 형태에 대한 해석 5가지를 쓰시오. | H2: 반사회적 행동화 · 충동성·공격성 · 피상적 대인관계 · 무책임·규범 무시 · 합리화 방어 | I2: ① *반사회적·성적 행동화*: 범법·신체노출·성적 일탈 등 행동화 위험이 높다. ② *충동성·공격성*: 충동 조절이 어렵고 과격·공격적 행동을 보인다. ③ *피상적 대인관계*: 자기중심적이고 타인을 불신해 관계가 깊지 못하다. ④ *무책임·규범 무시*: 행동에 무책임하며 사회규범·가치를 무시한다. ⑤ *합리화 방어*: 합리화로 문제를 외면하고 실패 원인을 타인에게 전가한다. | J2: 5 | K2: 2006 2008 2011 2015 2017-1회 2020-1회 2021-1회 2023-2회 2024-1회 2025-3회 | L2: PDF확정
A3: A 기초심리평가 | B3: MMPI·다면적 인성검사 | C3: 메인 | D3: 25 | E3: 4.55 | F3: Q70 | G3: MMPI-2 척도에서 6-8/8-6유형의 일반적인 특성 5가지와 가능성 있는 장애 진단명 2가지를 쓰시오. | H3: 낮은 자존감·열등감 · 적대감·의심 · 현실검증력 저하 · 정서 둔마·부적절 · 정신증 증상 · 조현병 · 분열성·편집성 성격장애 | I3: [특성 5] ① *낮은 자존감·열등감·죄책감*. ② *적대감·의심, 불안정한 대인관계*. ③ *현실검증력 저하*로 자폐적·분열적 사고. ④ *정서 둔마·부적절한 정동, 우울*. ⑤ *피해·과대망상·환청 등 정신증 증상*. [진단 2] *조현병(편집형 포함)* / *조현성(분열성)·편집성 성격장애*. | K3: 2007 2010 2016-2회 2022-3회 2025-2회 | L3: PDF확정
A4: A 기초심리평가 | B4: MMPI·다면적 인성검사 | C4: 메인 | D4: 30 | E4: 4.04 | F4: Q74 | G4: MMPI-2의 성격병리 5요인 척도(PSY-5 척도)를 쓰시오. | H4: 공격성(AGGR) · 정신증(PSYC) · 통제결여(DISC) · 부정적 정서성/신경증(NEGE) · 내향성/낮은 긍정정서(INTR) | I4: ① *공격성(AGGR)* ② *정신증(PSYC)* ③ *통제결여(DISC)* ④ *부정적 정서성/신경증(NEGE)* ⑤ *내향성/낮은 긍정적 정서성(INTR)* | J4: 5 | K4: 2018-3회 2021-3회 2026-1회 | L4: PDF확정
A5: A 기초심리평가 | B5: MMPI·다면적 인성검사 | C5: 메인 | D5: 39 | E5: 3.54 | F5: Q67 | G5: 타당도 척도 L, K 30 이하/ F 70 이상일 때 유형 2가지를 쓰시오. | H5: 곤란 인정·해결능력 결여 · 증상 과장·위장(부정왜곡) | I5: ① *곤란 인정·해결능력 결여*: 정서·신체적 곤란은 인정하나 스스로 해결할 자신·능력이 없다. ② *증상 과장·위장*: 도움을 얻으려 증상을 과장하거나 장애가 있는 듯 위장한다(부정왜곡/‘fake-bad’). | K5: 2015-1회 2019-3회 2020-1회 2025-1회 | L5: 검토필요
A6: A 기초심리평가 | B6: MMPI·다면적 인성검사 | C6: 메인 | D6: 49 | E6: 2.94 | F6: Q107 | G6: 아동 평가에서 특정 문제영역이 아닌 전반적인 광범위한 문제영역에 대해 보호자의 보고를 토대로 평가할 수 있는 평정 척도가 있다. 그에 해당하는 평정 척도 2가지를 쓰시오. | H6: K-CBCL(아동·청소년 행동평가척도) · KPRC(아동인성평정척도) | I6: ① *K-CBCL(아동·청소년 행동평가척도)*: 보호자 보고로 정서·행동 문제를 광범위하게 평가한다. ② *KPRC(한국 아동인성평정척도)*: 보호자 보고로 아동의 전반적 정신건강·적응을 평가한다. | K6: 2012 2017-2회 2020-1회 2024-3회 | L6: PDF확정
A7: A 기초심리평가 | B7: MMPI·다면적 인성검사 | C7: 메인 | D7: 51 | E7: 2.89 | F7: Q86 | G7: MMPI나 BDI 같은 자기 보고형 객관적 심리검사의 장점과 단점을 3가지씩 쓰시오. | H7: 실시 간편 · 높은 신뢰도·타당도 · 객관성 · 사회적 바람직성 · 반응 경향성 · 문항내용 제한성 | I7: [장점] ① *실시·채점의 간편성*. ② *높은 신뢰도·타당도*. ③ *객관성 증대*. [단점] ① *사회적 바람직성*(좋게 보이려는 응답). ② *반응 경향성*(묵종 등 일관된 편향). ③ *문항내용의 제한성*. | J7: 5 | K7: 2009 2017-2회 2022-1회 2024-2회 | L7: 검토필요
A8: A 기초심리평가 | B8: MMPI·다면적 인성검사 | C8: 메인 | D8: 89 | E8: 2.13 | F8: Q65 | G8: MMPI 결과 T 점수로 L 척도 48, F 척도 110, K 척도 45를 보이고 5번 척도를 제외한 대부분의 임 상 척도가 높게 상승하였다. 이런 프로파일을 보일 가능성이 있는 사람들의 유형을 3가지 쓰시오. | H8: 증상 과장(관심·도움 추구) · 검사 저항·반항 · 책임 회피·기만 | I8: ① *증상 과장형*: 문제를 과장해 주위 관심·도움을 얻으려는 사람. ② *저항·반항형*: 검사·검사자에게 저항적·반항적 태도를 보이는 사람. ③ *회피·기만형*: 책임을 회피하거나 타인을 기만하려는 사람. (F척도 극단 상승=‘fake-bad’ 프로파일) | K8: 2009 2020-3회 2024-1회 | L8: PDF확정
A9: A 기초심리평가 | B9: MMPI·다면적 인성검사 | C9: 메인 | D9: 92 | E9: 1.91 | F9: Q68 | G9: MMPI 6번 척도가 T 점수 72점이 나왔다면 이는 임상적으로 어떤 의미인지 5가지를 제시하시오. | H9: 대인관계 예민성 · 피해의식 · 만연한 의심 · 경직된 사고 · 관계망상 | I9: ① *대인관계 예민성*. ② *피해의식*. ③ *만연한 의심*. ④ *경직된 사고*. ⑤ *관계망상* 경향. (MMPI 6번 Pa척도 상승의 의미) | J9: 5 | K9: 2003 2005 2015 2020-1회 | L9: PDF확정
A10: A 기초심리평가 | B10: MMPI·다면적 인성검사 | C10: 확장 | D10: 108 | E10: 1.77 | F10: Q75 | G10: MMPI-2 재구성 임상 척도 중 다른 사람들이 믿을만하지 못하고 남을 배려하지 않고 자신만 생각하 며 착취적이라고 생각하는 경우 상승하는 척도를 쓰시오. | H10: RC3 냉소적 태도(Cynicism) | I10: *RC3 — 냉소적 태도(Cynicism)*: 타인을 믿을 수 없고 이기적·착취적이라고 보는 냉소적 신념이 상승한다. | J10: 3 | K10: 2020-2회 2025-1회 | L10: PDF확정
A11: A 기초심리평가 | B11: MMPI·다면적 인성검사 | C11: 확장 | D11: 110 | E11: 1.77 | F11: Q170 | G11: 순환성 장애(Cyclothymic Disorder)의 진단기준을 3가지 쓰시오. | H11: 경조증·우울증상 2년(아동 1년) 지속 · 증상 없는 기간 2개월 이내 · 주요우울·조증·경조증삽화 없음 | I11: ① *경조증·우울 증상*이 삽화 기준엔 못 미치며 *성인 2년(아동·청소년 1년) 이상 지속*된다. ② 그 기간 *절반 이상 증상*이 있고 *증상 없는 기간이 2개월을 넘지 않는다*. ③ *주요우울·조증·경조증 삽화를 경험한 적이 없다*. (추가) 정신병적 장애·물질로 설명되지 않는다. | J11: 6 | K11: 2018-3회 2025-1회 | L11: PDF확정
A12: A 기초심리평가 | B12: MMPI·다면적 인성검사 | C12: 확장 | D12: 116 | E12: 1.69 | F12: Q62 | G12: MMPI-2에서 ?(무응답)척도가 상승하는 경우를 5가지 쓰시오. | H12: 강박적 정확성 · 부주의·혼란 누락 · 방어적 자기노출 거부 · 비협조·반항 · 극도의 불안·우울 | I12: ① *강박적 태도*: 지나치게 정확히 답하려다 누락한다. ② *부주의·혼란*으로 문항을 빠뜨린다. ③ *방어적 태도*: 자기노출을 꺼리거나 검사 불신. ④ *비협조·반항적* 태도. ⑤ *극도의 불안·우울*로 집중하지 못한다. | K12: 2011 2015 2022-3회 | L12: PDF확정
A13: A 기초심리평가 | B13: MMPI·다면적 인성검사 | C13: 확장 | D13: 126 | E13: 1.47 | F13: Q69 | G13: MMPI 9번 척도가 27점일 때 임상적 현상 2가지를 쓰시오. | H13: 무감동·무기력·만성 피로 · 낮은 활력·우울 | I13: ① *무감동·무기력·의욕 저하*, 만성적 피로·무력감을 보인다. ② *활력·활동 수준이 전반적으로 낮고* 우울한 정서·우울증상을 호소한다. (MMPI 9번 Ma척도가 매우 낮을 때의 양상) | J13: 4.5 | K13: 2017-1회 2024-3회 | L13: PDF확정
A14: A 기초심리평가 | B14: MMPI·다면적 인성검사 | C14: 확장 | D14: 157 | E14: 1.23 | F14: Q63 | G14: MMPI에서 과장된 보고에 상승하는 척도 3개를 설명하시오. | H14: F(비전형) · Fb(비전형 후반부) · Fp(비전형 정신병리) | I14: ① *F(비전형 척도)*: 규준집단에서 드문 문항 응답으로 증상 과장을 탐지한다. ② *Fb(비전형 후반부)*: 후반부 문항으로 검사 중 태도 변화·과장을 평가한다. ③ *Fp(비전형 정신병리)*: 실제 환자도 드물게 답하는 문항으로 의도적 부정왜곡을 판별한다. | J14: 4.5 | K14: 2019-3회 2023-1회 | L14: PDF확정
A15: A 기초심리평가 | B15: MMPI·다면적 인성검사 | C15: 확장 | D15: 158 | E15: 1.23 | F15: Q73 | G15: MMPI-2 프로파일에서 가장 우선적으로 다루어야 할 척도는 무엇이고 그 이유를 기술하시오. | H15: 7-8-9 코드 · 정신증·현실검증력 손상 · 급박성·만성화 예방 | I15: 가장 우선 다룰 것은 *7-8-9 상승 프로파일*이다. *정신증적 증상·현실검증력 손상* 가능성이 높아 *망상·위험행동* 위험이 크므로, *조기 정신증의 발견·치료로 만성화를 예방*하기 위해 가장 급박하게 다뤄야 한다. | K15: 2017-1회 2023-1회 | L15: 검토필요
A16: A 기초심리평가 | B16: MMPI·다면적 인성검사 | C16: 확장 | D16: 171 | E16: 0.97 | F16: Q66 | G16: 어떤 환자에게 MMPI를 실시한 결과 L, K가 70이 넘어 방어적 경향이 강한 것으로 나타났고, 검사결 과를 해석할 수 없는 정도였다. 그러나 이 사람에게 심리검사는 꼭 필요한 것으로 판단되었다. 이때 임상심리사가 취할 수 있는 방법을 2가지로 구분해서 설명하시오. | H16: 극단적:해석 보류·유예 · 방어적이나 가능:잠정·제한적 해석 | I16: ① *신뢰성이 극단적으로 결여된 경우*: 임상척도 해석을 *보류·유예*하고 신뢰성 확보 후 재실시한다. ② *방어적이나 해석 가능한 경우*: *방어적 태도를 충분히 고려해 잠정적·제한적으로* 임상척도를 해석한다. | K16: 2018-1회 2020-3회 | L16: 검토필요
A17: A 기초심리평가 | B17: MMPI·다면적 인성검사 | C17: 확장 | D17: 176 | E17: 0.96 | F17: Q58 | G17: MMPI-2에서 재구성 임상 척도를 개발하게 된 이유를 설명하시오. | H17: 기존 임상척도 문항 타당성 문제 · 척도 간 높은 상관·차별 해석 곤란 | I17: 기존 임상척도는 *문항 타당성 문제로 상승의 의미가 불분명*하고 *척도 간 상관이 높아 차별적 해석이 어려웠다*. 이를 보완해 핵심 차원을 분리·정련하고자 *재구성 임상척도(RC)*가 개발되었다. | J17: 4.5 | K17: 2016-1회 2020-2회 | L17: 검토필요
A18: A 기초심리평가 | B18: MMPI·다면적 인성검사 | C18: 확장 | D18: 191 | E18: 0.87 | F18: Q79 | G18: 다음은 38세 미혼여성의 MMPI의 검사결과이다. 이를 토대로 수검자의 임상적 특징, 가능한 진단명, 주로 사용하는 방어기제에 대해 간략하게 기술하시오. | H18: V형(방어적) · 1-3 상승(신체화·전환) · 전환장애 · 부인·억압 | I18: (임상특징) 타당도 *V형(방어적, L·K↑ F↓)*, 임상 *1-3 상승(신체화·전환 경향)*. (가능 진단) *전환장애*(신체증상 및 관련 장애). (주 방어기제) *부인·억압*. | K18: 2012 2018-3회 | L18: 검토필요
A19: A 기초심리평가 | B19: MMPI·다면적 인성검사 | C19: 확장 | D19: 206 | E19: 0.63 | F19: Q77 | G19: MMPI-2 척도의 2개인 편집증, 경조증에 대해 쓰시오. | H19: 6번 편집증(피해의식·의심·관계망상) · 9번 경조증(고양된 기분·사고비약·과활동) | I19: ① *6번 편집증(Pa)*: 대인 예민성·피해의식·만연한 의심·경직된 사고·관계망상. ② *9번 경조증(Ma)*: 고양된 기분·빠른 말과 행동·사고 비약·이자극성(화를 잘 냄). | K19: 2023-3회 | L19: 검토필요
A20: A 기초심리평가 | B20: MMPI·다면적 인성검사 | C20: 확장 | D20: 207 | E20: 0.62 | F20: Q76 | G20: MMPI 검사의 임상척도 중 편집증 척도의 임상 소척도 3가지를 쓰고 설명하시오. | H20: Pa1 피해의식 · Pa2 예민성 · Pa3 순진성 | I20: ① *Pa1 피해의식*: 외부의 부당한 대우·피해를 지각한다. ② *Pa2 예민성*: 정서적으로 과민하고 긴장한다. ③ *Pa3 순진성(도덕적 미덕)*: 타인을 지나치게 신뢰·낙관하며 적대감을 부인한다. | J20: 4.3 | K20: 2023-2회 | L20: 검토필요
A21: A 기초심리평가 | B21: MMPI·다면적 인성검사 | C21: 확장 | D21: 220 | E21: 0.46 | F21: Q64 | G21: MMPI의 타당도 척도에서 긍정왜곡과 부정왜곡에 대해 설명하시오. | H21: 긍정왜곡(V형,L·K↑F↓,문제 부인) · 부정왜곡(삿갓형,F↑K↓,증상 과장) | I21: ① *긍정왜곡*: 문제를 부인·최소화한다 → *V형(L·K↑, F↓)*, 자신을 좋게 보이려 한다. ② *부정왜곡*: 심한 장애가 있는 것처럼 보이려 한다 → *삿갓형(F↑, K↓)*, 증상 과장·도움 요청(꾀병 가능성). | K21: 2019-3회 | L21: 검토필요
A22: A 기초심리평가 | B22: MMPI·다면적 인성검사 | C22: 확장 | D22: 226 | E22: 0.42 | F22: Q72 | G22: MMPI 4, 6번 척도가 상승되어 있고 척도 5가 이들 척도보다 10점 이상 낮거나 T 점수가 50점 이하 로 하락되어 있는 형태의 명칭을 쓰시오. | H22: 수동-공격성 V(Passive-Aggressive V) | I22: *수동-공격성 V형(Passive-Aggressive V)*: 4·6번이 상승하고 5번이 그보다 10점 이상 낮은(또는 T50 이하) 형태로, 표면적 순응 이면에 적대·공격성이 잠재한다. | K22: 2017-2회 | L22: 검토필요
A23: A 기초심리평가 | B23: MMPI·다면적 인성검사 | C23: 확장 | D23: 231 | E23: 0.4 | F23: Q59 | G23: MMPI-2에서 이상으로 간주하는 점수와 그 이유에 대해서 설명하시오. | H23: T 65 이상 · 재표준화로 평균 하향(원판 70T 해당) | I23: *이상 기준: T점수 65 이상*. *이유*: MMPI-2 재표준화로 평균 T가 낮아져, *원판 MMPI의 70T에 해당하는 수준*이 65T이기 때문이다. | K23: 2016-1회 | L23: 검토필요
A24: A 기초심리평가 | B24: MMPI·다면적 인성검사 | C24: 확장 | D24: 237 | E24: 0.39 | F24: Q60 | G24: MMPI의 일반적 해석과정 7단계를 간략히 기술하시오. (단, 타당도척도와 임상척도를 중심으로 기술 할 것) | H24: 검사태도 · 척도별 점수 · 척도간 연관 · 응집·분산 · 낮은 척도 · 형태 분석 · 전체 프로파일 | I24: ① *검사태도 검토*. ② *척도별 점수 검토*. ③ *척도 간 연관성 검토*. ④ *척도 간 응집·분산 분석*. ⑤ *낮은 임상척도 검토*. ⑥ *형태적 분석*. ⑦ *전체 프로파일 형태 분석*. | K24: 2015 | L24: 검토필요
A25: A 기초심리평가 | B25: MMPI·다면적 인성검사 | C25: 확장 | D25: 238 | E25: 0.39 | F25: Q78 | G25: 다음은 20대 남성의 다면적 인성검사의 결과이다. 이 결과를 타당도 척도와 임상 척도의 코드 유형에 근거하여 각각 설명하시오. | H25: 타당(F 상승=고통·도움요청) · 2-7(D-Pt) 불안성 우울 · 우울·불안·강박 가능 | I25: (타당도) 검사 결과는 *타당·해석 가능*하며, F 상승은 *정서적 고통·도움 요청*을 시사한다. (임상·코드) *2-7(D-Pt) 코드유형* — *불안·긴장이 동반된 우울*. *우울장애·불안장애·강박장애* 가능성. | K25: 2015 | L25: 검토필요
A26: A 기초심리평가 | B26: MMPI·다면적 인성검사 | C26: 확장 | D26: 239 | E26: 0.39 | F26: Q81 | G26: 다음 보기의 사례를 읽고 A씨의 MMPI 검사결과에 따라 유추 가능한 진단명과 함께 진단의 이유를 각각 서술하시오. | H26: 꾀병(Malingering) · F↑(112) L·K↓ 부정왜곡 · 6-7-8 동반상승 · 징집 회피 동기 | I26: (진단) *꾀병(Malingering)*. (이유) ① *L·K 낮고 F 매우 높은 전형적 부정왜곡 프로파일*(F112·L38·K36). ② *6·7·8번 동반 상승*은 부정왜곡에서 흔하다. ③ *군 입대 회피라는 외적 동기*와 과대망상 주장 → 의도적 증상 과장(꾀병) 가능성이 높다. | K26: 2015 | L26: 검토필요
A27: A 기초심리평가 | B27: MMPI·다면적 인성검사 | C27: 확장 | D27: 242 | E27: 0.37 | F27: Q61 | G27: MMPI-2의 타당도 척도 4가지를 쓰시오. | H27: ?(무응답) · L(부인) · F(비전형) · K(교정) | I27: ① *?(무응답)*: 누락·양쪽 응답 문항 수로 비협조·반응곤란을 평가. ② *L(부인)*: 지나치게 긍정적으로 보이려는 세련되지 못한 방어. ③ *F(비전형)*: 드문 문항 응답으로 증상 과장·비전형 반응 탐지. ④ *K(교정)*: 미묘·세련된 방어, 병리를 정상으로 보이려는 경향. | J27: 4.3 | K27: 2013 | L27: 검토필요
A28: A 기초심리평가 | B28: MMPI·다면적 인성검사 | C28: 확장 | D28: 257 | E28: 0.32 | F28: Q80 | G28: 다음 사례의 MMPI 검사결과에서 유추되는 임상적 특징 5가지를 기술하시오. | H28: 삿갓형(과대보고·도움요청) · Pt 상승=불안·우울 · Sc=혼란·집중곤란 · Pd·Hy=분노의 신체화 | I28: ① *삿갓형(F↑)*: 고통을 과대 보고하며 도움을 요청한다. ② *불안·우울*: D·Pt 상승으로 불안·우울, 활력 저하. ③ *혼란·집중곤란*: Sc 상승. ④ *분노의 신체화*: Pd·Hy 상승 — 분노가 행동보다 신체증상으로 표출. ⑤ 종합적으로 *불안성 우울·신체화* 양상. | J28: 4 | K28: 2005 | L28: PDF확정
A29: A 기초심리평가 | B29: 기타 성격·진로검사 | C29: 메인 | D29: 23 | E29: 4.7 | F29: Q83 | G29: TCI의 척도를 구성하는 4가지 기질 차원과 3가지 성격 차원을 설명하시오. | H29: 자극추구(NS) · 위험회피(HA) · 사회적민감성(RD) · 인내력(P) · 자율성(SD) · 연대감(CO) · 자기초월(ST) | I29: [기질 4차원] ① *자극추구(NS)*: 새 자극·보상에 행동이 활성화. ② *위험회피(HA)*: 위험·혐오 자극에 행동이 억제·위축. ③ *사회적 민감성(RD)*: 사회적 보상신호(타인 감정)에 민감. ④ *인내력(P)*: 보상이 없어도 행동을 지속. [성격 3차원] ① *자율성(SD)*: 목표 위해 자기 행동을 조절·적응. ② *연대감(CO)*: 자신을 사회 일부로 보고 타인을 수용. ③ *자기초월(ST)*: 자신을 자연·우주의 일부로 느끼는 영적 성향. | K29: 2018-1회 2023-3회 2024-1회 2024-3회 2025-3회 | L29: PDF확정
A30: A 기초심리평가 | B30: 기타 성격·진로검사 | C30: 메인 | D30: 37 | E30: 3.64 | F30: Q108 | G30: 사회성숙도 검사에서 아동발달의 측정영역 6가지를 기술하시오. | H30: 자조 · 이동 · 작업 · 의사소통 · 자기관리 · 사회화 | I30: ① *자조영역* ② *이동영역* ③ *작업영역* ④ *의사소통영역* ⑤ *자기관리영역* ⑥ *사회화영역* (사회성숙도검사 SMS의 6개 측정영역) | K30: 2015 2022-3회 2024-1회 2025-2회 | L30: PDF확정
A31: A 기초심리평가 | B31: 기타 성격·진로검사 | C31: 확장 | D31: 230 | E31: 0.4 | F31: Q84 | G31: 적성검사와 흥미검사의 공통점과 차이점을 설명하시오. | H31: 공통:개인차 측정·자기이해·진로정보 · 적성=수행능력 예측 인지검사 · 흥미=선호·관심 정서검사 | I31: (공통점) 둘 다 *개인차를 측정해 자기이해·진로/직업 선택의 객관적 정보*를 제공한다. (차이점) *적성검사*는 *수행 능력·적응 가능성을 예측하는 인지적 검사*이고, *흥미검사*는 *선호·관심을 파악하는 정서적 성향 검사*이다. | K31: 2016-2회 | L31: 검토필요
A32: A 기초심리평가 | B32: 기타 성격·진로검사 | C32: 확장 | D32: 249 | E32: 0.34 | F32: Q85 | G32: 다음은 심리상담소에서 실시한 A군의 홀랜드 유형 직업 적성검사 결과이다. 이를 토대로 다음에 제시 된 물음에 답하시오. | H32: S-A 유형(사회형-예술형) · 이상직업:상담사·간호사·배우 · 부적합:C·R(회계사·기사) | I32: (1) *S-A 유형(사회형-예술형)*: 사람들과 함께 일하길 선호하고 사회적 영향력을 추구한다. 이상적 직업: *상담사·간호사·사회복지사·연극배우*. (2) 부적합 직업: *C·R 유형*(회계사·통계학자·인쇄기사·엔지니어). | K32: 2009 | L32: 검토필요
A33: A 기초심리평가 | B33: 지능검사 | C33: 메인 | D33: 12 | E33: 6.74 | F33: Q34 | G33: 웩슬러가 정의한 지능의 개념을 쓰고 유동성 지능과 결정성 지능의 특징을 각각 2가지씩 기술하시오. | H33: 합목적적 행동 · 합리적 사고 · 환경의 효율적 처리 · 종합적·전체적 능력 · 유동성:선천·새 문제·노화감소 · 결정성:후천·언어지식·유지 | I33: (개념) 지능은 *합목적적으로 행동*하고 *합리적으로 사고*하며 *환경을 효율적으로 처리*하는 *종합적·전체적 능력*이다(웩슬러). [유동성 지능] ① *선천적·생득적*이며 뇌 성숙에 의존한다. ② *새로운 문제의 추론·처리속도*에 관여하고 *노화에 따라 감소*한다. [결정성 지능] ① *후천적 경험·교육·문화*의 산물이다. ② *언어·지식·이해* 기반으로 *연령이 들어도 유지·증가*한다. | J33: 6 | K33: 2004 2010 2015 2019-3회 2026-1회 | L33: PDF확정
A34: A 기초심리평가 | B34: 지능검사 | C34: 메인 | D34: 60 | E34: 2.73 | F34: Q51 | G34: 웩슬러 지능검사에서 병전지능을 추정할 수 있는 소검사 3가지와 그 이유를 쓰시오. | H34: 어휘 · 상식(기본지식) · 토막짜기 · 변화에 안정적 | I34: ① 소검사: *어휘·상식(기본지식)·토막짜기*. ② 이유: 이 소검사들은 *병이나 상황 변화에 영향을 적게 받아 점수가 안정적*이어서 병전 지능 추정에 적합하다. | J34: 5.2 | K34: 2019-1회 2019-3회 2025-2회 | L34: PDF확정
A35: A 기초심리평가 | B35: 지능검사 | C35: 메인 | D35: 65 | E35: 2.7 | F35: Q38 | G35: K-WAIS-IV의 4가지 주요 지수를 쓰고, 각각에 대해 설명하시오. | H35: 언어이해(VCI) · 지각추론(PRI) · 작업기억(WMI) · 처리속도(PSI) | I35: ① *언어이해지수(VCI)*: 언어적 이해·개념화, 결정성 지식을 반영. ② *지각추론지수(PRI)*: 시각자극 기반 비언어 추론·시공간 문제해결. ③ *작업기억지수(WMI)*: 주의집중 하에 정보를 저장·조작하는 능력. ④ *처리속도지수(PSI)*: 시각정보를 빠르고 정확히 처리하는 정신운동 속도. | J35: 5 | K35: 2016-1회 2026-1회 | L35: 검토필요
A36: A 기초심리평가 | B36: 지능검사 | C36: 메인 | D36: 68 | E36: 2.65 | F36: Q43 | G36: K-WISC-IV의 지표 4가지와 지표별 소검사 1가지씩 쓰시오. | H36: 언어이해-공통성 · 지각추론-토막짜기 · 작업기억-숫자 · 처리속도-기호쓰기 | I36: ① *언어이해(VCI)*: 공통성(또는 어휘·이해). ② *지각추론(PRI)*: 토막짜기(또는 행렬추리·공통그림찾기). ③ *작업기억(WMI)*: 숫자(또는 순차연결). ④ *처리속도(PSI)*: 기호쓰기(또는 동형찾기). | K36: 2023-2회 2024-1회 2025-1회 | L36: PDF확정
A37: A 기초심리평가 | B37: 지능검사 | C37: 메인 | D37: 75 | E37: 2.46 | F37: Q47 | G37: 웩슬러 지능검사의 양적 분석에 포함되어야 할 내용 3가지를 쓰시오. | H37: 현재지능 · 병전지능 · 언어성-동작성 비교 · 소검사 분산 · 강·약점 분석 | I37: ① *현재지능 파악*. ② *병전지능 추정*. ③ *언어성·동작성(또는 지표 간) 비교*. (추가) 소검사 간 점수 분산, 지표 간 강·약점 분석. | J37: 5.2 | K37: 2011 2013 2018-3회 2023-1회 | L37: PDF확정
A38: A 기초심리평가 | B38: 지능검사 | C38: 메인 | D38: 99 | E38: 1.88 | F38: Q101 | G38: 신경심리 평가에서 일반적으로 다루어야 하는 주요 평가영역 6가지를 쓰시오. | H38: 지능 · 기억·학습 · 언어기능 · 주의·처리속도 · 시각구성(시공간) · 집행(실행)기능 | I38: ① *지능*. ② *기억·학습능력*. ③ *언어기능*. ④ *주의력·정신처리속도*. ⑤ *시각구성(시공간)기능*. ⑥ *집행(실행)기능*. | J38: 5 | K38: 2015-2회 2025-3회 | L38: PDF확정
A39: A 기초심리평가 | B39: 지능검사 | C39: 확장 | D39: 115 | E39: 1.69 | F39: Q42 | G39: K-WISC-IV의 핵심 소검사 항목을 모두 쓰시오. | H39: 언어이해(공통성·어휘·이해) · 지각추론(토막짜기·공통그림찾기·행렬추리) · 작업기억(숫자·순차연결) · 처리속도(기호쓰기·동형찾기) | I39: ① *언어이해*: 공통성·어휘·이해 (보충 상식·단어추리). ② *지각추론*: 토막짜기·공통그림찾기·행렬추리 (보충 빠진곳찾기). ③ *작업기억*: 숫자·순차연결 (보충 산수). ④ *처리속도*: 기호쓰기·동형찾기 (보충 선택). | J39: 11 | K39: 2015-1회 2017-1회 2022-3회 | L39: 검토필요
A40: A 기초심리평가 | B40: 지능검사 | C40: 확장 | D40: 119 | E40: 1.66 | F40: Q82 | G40: 다음 사례를 읽고 검사결과 해석을 쓰시오. | H40: 신체화(D·Pt 상승) · 중등도 우울(BDI 23·언어-동작 차) · 감별진단(우울·불안·신체화) | I40: ① *신체화*: 내과 소견 없는 소화불량·불면은 *D(우울)·Pt(불안) 상승*에 따른 심리적 문제의 신체화로 보인다. ② *중등도 우울*: *BDI 23점*과 *언어성-동작성 IQ 31점 차*로 보아 중등도 우울 상태로 판단된다. ③ *감별진단*: *주요우울장애·불안장애·신체화/전환장애*의 감별이 필요하다. | K40: 2003 2007 2008 2017-1회 | L40: 검토필요
A41: A 기초심리평가 | B41: 지능검사 | C41: 확장 | D41: 122 | E41: 1.55 | F41: Q53 | G41: 총집검사(Full Battery)에서 지능검사를 시행하는 이유 5가지를 쓰시오. | H41: 전반적 지적능력 · 인지·병전지능 · 기질적 뇌손상 평가 · 성격·자아기능 정보 · 진단 명료화 | I41: ① *전반적 지적능력 수준 평가*. ② *인지기능·병전지능 파악*. ③ *기질적 뇌손상에 따른 인지기능 평가*. ④ *성격·자아기능 정보 제공*. ⑤ *임상적 진단 명료화*. | K41: 2012 2018-3회 2021-3회 | L41: 검토필요
A42: A 기초심리평가 | B42: 지능검사 | C42: 확장 | D42: 137 | E42: 1.45 | F42: Q54 | G42: 다음 검사결과를 보고 물음에 답하시오. | H42: 주요우울·범불안 · 감별:ADHD·강박·PTSD·양극성 · 숫자·산수 저하=주의력·불안 · 동작성 저하=정신운동속도 | I42: (1) 진단: *주요우울장애·범불안장애*. 감별 고려: *ADHD·강박장애·PTSD·양극성/정신병적 장애*. (2) *숫자외우기·산수 저하*는 *주의력·집중력 저하·불안·낮은 동기*와 관련되고, *동작성 지능의 전반적 저하*는 *스트레스로 인한 정신운동속도 저하·정서적 요인*으로 설명된다. | J42: 3 | K42: 2017-2회 2020-1회 2020-3회 | L42: 검토필요
A43: A 기초심리평가 | B43: 지능검사 | C43: 확장 | D43: 149 | E43: 1.35 | F43: Q57 | G43: Lichtenberger와 카우프만 | H43: 학습한 것 측정 · 행동 표본일 뿐 · 표준화 실험 환경 · 이론 모형 근거 해석 · 다출처 지지 | I43: ① 소검사는 *개인이 학습해 온 것을 측정*한다. ② 소검사는 *행동 표본일 뿐 총체가 아니다*. ③ 표준화 검사는 *특정한 실험적 환경에서 정신기능을 평가*한다. ④ 종합검사는 *이론적 모형에 근거해 해석*해야 유용하다. ⑤ 프로파일에서 도출된 *가설은 다양한 출처의 자료로 지지*되어야 한다. | K43: 2009 | L43: 검토필요
A44: A 기초심리평가 | B44: 지능검사 | C44: 확장 | D44: 154 | E44: 1.26 | F44: Q45 | G44: 웩슬러 지능검사(K-WAIS)의 소검사 중 기본지식이 측정하는 내용 5가지를 쓰시오. (K-WAIS-IV의 소검사 중 상식이 측정하는 내용 5가지를 쓰시오.) | H44: 사실 지식 범위 · 과거 학습·교육 · 지적 호기심 · 일상 관심·기민성 · 장기기억 | I44: ① *일상적 사실 지식의 범위*. ② *과거 학습·학교교육 경험*. ③ *지적 호기심·지식 추구 동기*. ④ *일상에 대한 관심·기민성*. ⑤ *장기기억 능력*. | K44: 2020-3회 2023-3회 | L44: 검토필요
A45: A 기초심리평가 | B45: 지능검사 | C45: 확장 | D45: 155 | E45: 1.26 | F45: Q102 | G45: 일반 종합심리검사(Full Battery)에서 사용하는 검사 중 신경심리검사로서의 역할을 할 수 있는 검사 를 2가지 쓰시오. | H45: 웩슬러 지능검사 · 벤더-게슈탈트(BGT) | I45: ① *웩슬러 지능검사*: 소검사 패턴으로 뇌손상에 따른 인지저하를 탐지한다. ② *벤더-게슈탈트 검사(BGT)*: 시각-운동 협응으로 뇌기능 손상을 간접 평가한다. | K45: 2016 2023-3회 | L45: PDF확정
A46: A 기초심리평가 | B46: 지능검사 | C46: 확장 | D46: 175 | E46: 0.96 | F46: Q39 | G46: K-WAIS-IV의 핵심 소검사들을 쓰고 각각 소검사가 측정한 내용을 기술하시오. | H46: 언어이해(공통성·어휘·상식) · 지각추론(토막짜기·퍼즐·행렬추리) · 작업기억(숫자·산수) · 처리속도(기호쓰기·동형찾기) | I46: [언어이해] *공통성*(추상적 개념화)·*어휘*(학습·일반개념)·*상식*(기본지식). [지각추론] *토막짜기*(시각-운동 협응)·*퍼즐*(시각 분석)·*행렬추리*(지각 조직화·추론). [작업기억] *숫자*(청각적 단기기억·주의)·*산수*(수개념·주의집중). [처리속도] *기호쓰기*(시각-운동 협응·민첩성)·*동형찾기*(시각 변별·주의). | J46: 11 | K46: 2006 2020-2회 | L46: PDF확정
A47: A 기초심리평가 | B47: 지능검사 | C47: 확장 | D47: 180 | E47: 0.96 | F47: Q49 | G47: 언어성 점수가 동작성 점수보다 유의미하게 낮게 나왔을 경우의 특징을 예를 들어 설명하시오. | H47: 유동성>결정성 · 지각적 구조화 우세 · 동시적·전체적 처리 우세 · 학습장애·자폐 가능성 · 좌반구 손상 가능성 | I47: ① *유동성 지능이 결정성보다 우세*하다. ② *언어 이해보다 지각적 구조화 능력이 우세*하다. ③ *동시적·전체적 처리가 연속적 처리보다 우세*하다. ④ *학습장애·자폐·반사회적 행동·지적장애* 가능성. ⑤ *좌반구의 연속적 처리 기능 손상* 가능성. | K47: 2016-2회 2020-1회 | L47: 검토필요
A48: A 기초심리평가 | B48: 지능검사 | C48: 확장 | D48: 183 | E48: 0.94 | F48: Q44 | G48: K-WAIS-IV 언어이해 지표의 핵심 소검사 3가지를 쓰고, 평가 내용을 설명하시오. | H48: 공통성(추상·언어개념) · 어휘(언어·학습지식) · 상식(지식·결정성) | I48: ① *공통성*: 논리·추상적 추론과 언어적 개념 형성 능력을 평가한다. ② *어휘*: 단어 이해·표현 능력과 장기기억·학습된 지식을 평가한다. ③ *상식(지식)*: 일상적 지식 범위·과거 학습·결정성 지능을 평가한다. | J48: 11 | K48: 2025-3회 | L48: PDF확정
A49: A 기초심리평가 | B49: 지능검사 | C49: 확장 | D49: 204 | E49: 0.69 | F49: Q50 | G49: 웩슬러 지능검사의 결과를 통해 나타나는 우울증의 특징 5가지를 쓰시오. | H49: 언어성>동작성 · 쉽게 포기(지구력 부족) · 느린 반응속도 · 동작성 소검사 저하 · 정교화·유창성 부족 | I49: ① *언어성 > 동작성* 지능을 보인다. ② *쉽게 포기*하는 등 지구력이 부족하다. ③ *전반적으로 반응속도가 느리다*. ④ *동작성 소검사(빠진곳찾기 제외)에서 낮은 점수*. ⑤ *반응의 정교화·언어 유창성 부족*(자기비판적, 사고 와해는 없음). | J49: 4.7 | K49: 2004 2010 | L49: PDF확정
A50: A 기초심리평가 | B50: 지능검사 | C50: 확장 | D50: 208 | E50: 0.61 | F50: Q40 | G50: 웩슬러 지능검사(K-WAIS)의 소검사 항목 11가지를 제시하고, 각 소검사의 측정 내용을 기술하시오. | H50: 언어성(상식·이해·공통성·어휘·숫자·산수) · 동작성(빠진곳찾기·차례맞추기·토막짜기·모양맞추기·바꿔쓰기) | I50: [언어성] ①*상식*(지식) ②*이해*(사회적 판단) ③*공통성*(추상적 사고) ④*어휘*(언어개념) ⑤*숫자외우기*(단기·작업기억) ⑥*산수*(주의·계산). [동작성] ⑦*빠진곳찾기*(시각 주의) ⑧*차례맞추기*(계열화·상황이해) ⑨*토막짜기*(시각-공간 구성) ⑩*모양맞추기*(시각 재구성) ⑪*바꿔쓰기*(시각-운동 협응·속도). | J50: 11 | K50: 2023-1회 | L50: 검토필요
A51: A 기초심리평가 | B51: 지능검사 | C51: 확장 | D51: 212 | E51: 0.55 | F51: Q104 | G51: 신경심리검사에서 시공간 구성개념을 측정하기 위해 자주 사용하는 검사 5가지만 쓰시오. | H51: BGT · 레이 복합도형 · 시계그리기 · 토막짜기 · 인물화 | I51: ① *벤더-게슈탈트 검사(BGT)*. ② *레이 복합도형검사(RCFT)*. ③ *시계그리기검사*. ④ *웩슬러 토막짜기*. ⑤ *인물화 검사*. (추가) 벤톤 시각기억검사. | J51: 5 | K51: 2022-1회 | L51: 검토필요
A52: A 기초심리평가 | B52: 지능검사 | C52: 확장 | D52: 214 | E52: 0.52 | F52: Q41 | G52: K-WAIS-IV의 연속적인 수준의 해석절차 5가지를 쓰시오. | H52: 전체지능·지표 분석 · 지표 차이 분석 · 강·약점 평가 · 소검사 차이 비교 · 질적 분석 | I52: ① *전체지능지수(FSIQ)·지표점수 분석*. ② *지표점수 간 차이 분석*. ③ *강점·약점 평가*. ④ *소검사 수준 차이 비교*. ⑤ *질적 분석*. | J52: 5 | K52: 2021-3회 | L52: 검토필요
A53: A 기초심리평가 | B53: 지능검사 | C53: 확장 | D53: 215 | E53: 0.51 | F53: Q46 | G53: 웩슬러 지능검사의 소검사인 이해 소검사로 측정하는 내용 5가지를 쓰시오. | H53: 결정성 지능 · 사회적 판단 · 상식 수준 · 과거경험 활용 · 장기기억 | I53: ① *결정성 지능*. ② *사회적 판단력*. ③ *관습·상식 수준*. ④ *과거 경험 활용 능력*. ⑤ *장기기억*. | J53: 5 | K53: 2021-1회 | L53: PDF확정
A54: A 기초심리평가 | B54: 지능검사 | C54: 확장 | D54: 221 | E54: 0.45 | F54: Q52 | G54: 지능검사를 시행한 후 병전지능을 추정할 수 있는 방법을 3가지 쓰시오. | H54: 소검사 기반 추정 · 현재 언어능력 기반 · 인구통계학적 특성 | I54: ① *소검사 기반 추정*: 변화에 안정적인 소검사(어휘·상식·토막짜기)로 추정한다. ② *현재 언어능력 기반 추정*. ③ *인구통계학적 특성 활용*(연령·교육·직업 등). | J54: 6 | K54: 2019-1회 | L54: 검토필요
A55: A 기초심리평가 | B55: 지능검사 | C55: 확장 | D55: 224 | E55: 0.43 | F55: Q36 | G55: 성인 지능검사 실시하는데 수검자와 라포를 형성하기 위한 구체적 방법을 쓰시오. | H55: 격려(최선 유도) · 불안 완화 · 관심 유발·부드러운 진행 · 사전 안내 | I55: ① *격려*: 쉽게 포기하는 수검자가 최선을 다하도록 격려한다. ② *불안 완화*: 긴장·불안을 줄여 검사에 집중하게 돕는다. ③ *관심 유발·부드러운 진행*: 차분히 과제를 제시하고 소검사를 자연스럽게 연결한다. ④ *사전 안내*: 알아둘 일반 사항을 미리 알려준다. | K55: 2018-1회 | L55: 검토필요
A56: A 기초심리평가 | B56: 지능검사 | C56: 확장 | D56: 228 | E56: 0.4 | F56: Q48 | G56: K-WISC-IV 검사를 해석하는 과정에서 과정 분석에 해당하는 점수 5가지를 쓰시오. | H56: 시간보너스 없는 토막짜기 · 숫자 바로 따라하기 · 숫자 거꾸로 따라하기 · 숫자 순서대로 따라하기 · 최장 숫자 | I56: ① *시간보너스 없는 토막짜기*. ② *숫자 바로 따라하기*. ③ *숫자 거꾸로 따라하기*. ④ *숫자 순서대로 따라하기*. ⑤ *최장 숫자(바로·거꾸로·순서) 따라하기*. | K56: 2016-2회 | L56: 검토필요
A57: A 기초심리평가 | B57: 지능검사 | C57: 확장 | D57: 229 | E57: 0.4 | F57: Q56 | G57: 카우프만 검사가 다른 개인용 지능검사와 구별되는 특징을 3가지 쓰시오. | H57: 처리과정 중심 해석 · 좌·우뇌 고른 측정(순차·동시처리) · 학습 의존도 감소 · 연령별 차별화 | I57: ① *처리과정 중심 해석*(순차처리·동시처리). ② *좌·우뇌 기능을 고르게 측정*. ③ *학습 경험 의존도 감소*(습득도와 분리 측정). (추가) 연령별 하위검사 차별화. | K57: 2016-2회 | L57: 검토필요
A58: A 기초심리평가 | B58: 지능검사 | C58: 확장 | D58: 244 | E58: 0.36 | F58: Q37 | G58: 아동을 대상으로 한 지능검사에서 검사자와 수검자 간이 관계형성(Rapport)은 필수적이다. 지능검사를 실시하는 검사자가 수검자와 라포를 형성하기 위한 구체적인 방법 4가지를 쓰시오. | H58: 비공식 대화로 편안하게 · 나이 맞는 언어 · 속도·상태 변화 유의 · 표준절차 통제 유지 | I58: ① *비공식 대화*로 편안한 상태가 되도록 돕는다. ② *나이에 맞는 언어*로 검사를 소개한다. ③ *검사 속도·아동 상태 변화에 유의*한다. ④ *표준 실시 절차의 통제를 유지*한다. | K58: 2012 | L58: 검토필요
A59: A 기초심리평가 | B59: 신경심리·뇌손상 | C59: 메인 | D59: 93 | E59: 1.91 | F59: Q162 | G59: 기능적 기억 장애와 기질적 기억 장애의 예를 한 가지씩 쓰고 차이점을 설명하시오. | H59: 기능적:심리적 원인·회복 가능 · 기질적:뇌손상·회복 느림·불완전 | I59: (예) *기능성*: 사고를 목격한 후 그 장면을 일시적으로 잊는다. *기질성*: 뇌손상 후 심한 기억상실·주의집중 곤란을 보인다. (차이) *기능성*은 뇌 병변 없이 *심리적 요인*으로 기억이 억제돼 *회복이 빠르고 완전*하다. *기질성*은 *뇌 병변·신경계 손상*으로 저하돼 *회복이 느리고 불완전*하다. | J59: 4 | K59: 2007 2009 2017-1회 2020-1회 | L59: PDF확정
A60: A 기초심리평가 | B60: 신경심리·뇌손상 | C60: 확장 | D60: 161 | E60: 1.13 | F60: Q153 | G60: 다음 보기의 사례를 읽고 물음에 답하시오. | H60: 주의집중 저하 · 불안·공포·무력감 · PTSD · 외상성 뇌손상 신경인지장애 · WCST:개념형성·문제해결 · 예후:의식상실·손상부위 | I60: (1) 추가 증상: ① *주의집중력 저하*. ② *불안·공포·무력감*. (2) 감별진단: *외상 후 스트레스 장애(PTSD)*, *외상성 뇌손상에 의한 신경인지장애*. (3) WCST로 확인: *개념 형성·문제해결 능력*, *추상적 사고·추론 능력*. (4) 예후 요인: *의식 상실 유무·회복 시간*, *손상 부위(측두엽 등)·정도*. | K60: 2004 2006 2014 | L60: 검토필요
A61: A 기초심리평가 | B61: 신경심리·뇌손상 | C61: 확장 | D61: 177 | E61: 0.96 | F61: Q103 | G61: 다음 보기의 신경심리검사들이 평가하는 인지기능 영역을 쓰시오. | H61: 전두엽 집행(실행)기능 | I61: 보기의 검사들(Go-No Go, Fist-Edge-Palm, Luria Loop, COWAT, 스트룹 검사 등)은 모두 *전두엽 집행(실행)기능*을 평가한다. | K61: 2015-2회 2020-2회 | L61: 검토필요
A62: A 기초심리평가 | B62: 신경심리·뇌손상 | C62: 확장 | D62: 258 | E62: 0.31 | F62: Q163 | G62: DSM-5 분류상 알츠하이머병으로 인한 주요 또는 경도 신경인지장애의 주요 증상 4가지를 기술하시 오. | H62: 기억력 장애 · 언어기능 장애 · 인지기능 장애 · 성격·정서 변화 | I62: ① *기억력 장애*. ② *언어기능 장애(실어증)*. ③ *인지기능 장애(실행증·실인증·집행기능 저하)*. ④ *성격·정서 변화*. | K62: 2004 | L62: 검토필요
A63: A 기초심리평가 | B63: 투사검사(로샤·TAT·HTP) | C63: 메인 | D63: 18 | E63: 5.39 | F63: Q92 | G63: 로샤검사의 특수점수에서 특수내용의 종류를 3가지 쓰고 각각에 대해 설명하시오. | H63: 추상적 내용(AB) · 공격적 운동(AG) · 협조적 운동(COP) · 병적 내용(MOR) | I63: ※ 아래 중 3가지를 쓰고 설명. ① *추상적 내용(AB)*: 상징적·추상적 표현이 분명한 반응에 채점한다. ② *공격적 운동(AG)*: 싸움·파괴 등 주체적 공격이 담긴 운동반응에 채점한다. ③ *협조적 운동(COP)*: 둘 이상 대상이 적극적·협조적으로 상호작용하는 운동반응에 채점한다. ④ *병적 내용(MOR)*: 손상·죽음·우울감이 부여된 반응에 채점한다. | J63: 5.5 | K63: 2018-1회 2020-3회 2023-2회 2026-1회 | L63: PDF확정
A64: A 기초심리평가 | B64: 투사검사(로샤·TAT·HTP) | C64: 메인 | D64: 28 | E64: 4.42 | F64: Q88 | G64: 로샤검사 엑스너 종합체계방식의 주요 채점 항목을 5가지 기술하시오. | H64: 반응영역(위치) · 결정인 · 형태질 · 반응내용 · 평범반응(P) | I64: ① *반응영역(위치)*: 반점의 어느 부분을 보았는가(W·D·Dd·S). ② *결정인*: 무엇 때문에 그렇게 보았는가(형태·운동·색채·음영). ③ *형태질*: 반응이 반점 형태에 부합하는 정도. ④ *반응내용*: 무엇으로 보았는가(인간·동물 등). ⑤ *평범반응(P)*: 흔히 나타나는 전형적 반응 여부. | J64: 5 | K64: 2015 2020-1회 2023-1회 2024-1회 2025-1회 | L64: PDF확정
A65: A 기초심리평가 | B65: 투사검사(로샤·TAT·HTP) | C65: 메인 | D65: 52 | E65: 2.82 | F65: Q100 | G65: 심리검사 중 투사검사의 장⋅단점을 3개씩 기술하시오. | H65: 라포 용이 · 방어 어려움 · 무의식 표출 · 표준화 부족 · 객관성 부족 · 신뢰도·타당도 문제 | I65: [장점] ① *라포 형성 용이*. ② *방어 반응이 어려움*(의도 위장 곤란). ③ *무의식적 내용의 표출*. [단점] ① *표준화 절차 부족*. ② *채점·해석의 객관성 부족*. ③ *신뢰도·타당도의 문제(규준 부족)*. | J65: 6 | K65: 2019-3회 2024-1회 2025-3회 | L65: PDF확정
A66: A 기초심리평가 | B66: 투사검사(로샤·TAT·HTP) | C66: 메인 | D66: 69 | E66: 2.65 | F66: Q96 | G66: 투사적 그림검사인 집-나무-사람 그림검사(HTP)에서 그림의 크기와 위치가 나타내는 의미를 2가지씩 제시하시오. | H66: 큰 그림=공격·자기확대 · 작은 그림=열등·위축 · 높은 위치=포부·이상 · 낮은 위치=불안정·우울 | I66: [크기] *큰 그림*: 공격성·행동화, 자기확대 욕구(과장). *작은 그림*: 열등·위축, 낮은 자존감·의존. [위치] *높은 위치*: 높은 포부·이상 지향(현실 갈등). *낮은 위치*: 불안정·부적절감, 우울 경향. | K66: 2007 2020-3회 2025-1회 | L66: PDF확정
A67: A 기초심리평가 | B67: 투사검사(로샤·TAT·HTP) | C67: 메인 | D67: 95 | E67: 1.89 | F67: Q90 | G67: 로샤검사에서 반응영역의 기호 D, Dd, S의 의미와 채점기준을 쓰시오. | H67: D(흔한 부분반응,95%+) · Dd(드문 부분반응,5%미만) · S(공백반응,단독채점 불가) | I67: ① *D(흔한 부분반응)*: 정상집단에서 흔히(약 95%↑) 반응되는 부분영역을 사용. ② *Dd(드문 부분반응)*: 드물게(5% 미만) 반응되는 부분영역을 사용. ③ *S(공백반응)*: 흰 공백 영역을 사용한 반응으로 *단독 채점 불가, 다른 기호와 결합*(WS·DS·DdS). | J67: 6 | K67: 2019-1회 2023-1회 2023-3회 | L67: PDF확정
A68: A 기초심리평가 | B68: 투사검사(로샤·TAT·HTP) | C68: 확장 | D68: 121 | E68: 1.61 | F68: Q94 | G68: 로샤검사(Rorschach Test)나 다면적 인성검사(MMPI)와 같은 진단적 심리검사는 그 결과가 일치하지 않을 수 있다. 그 이유에 대해 간략히 설명하시오. | H68: 성격의 복합성·개인차 · 검사마다 측정 수준 상이 · 측정방법·상황 요인 영향 | I68: ① *성격의 복합성·개인차*: 성격은 복합적 구조라 다양하게 나타난다. ② *측정 수준의 차이*: 검사마다 성격의 상이한 수준(의식·무의식)을 측정한다. ③ *측정방법의 영향*: 각 검사의 측정방법·상황 요인이 결과에 다르게 작용한다. | K68: 2008 2010 2016-1회 2016-2회 | L68: PDF확정
A69: A 기초심리평가 | B69: 투사검사(로샤·TAT·HTP) | C69: 확장 | D69: 127 | E69: 1.47 | F69: Q93 | G69: 바이너(Weiner)는 심리검사를 객관적 검사와 투사적 검사로 구분하고 로샤검사(Rorschach Test)를 투 사적 검사로 분류하는 것에 대해 이의를 제기했는데 그 이유 2가지를 쓰시오. | H69: 주관적 검사로 오해 위험 · 비투사 반응의 본질 간과 | I69: ① *주관적 검사로 오해될 위험*: ‘투사적’ 분류가 비과학적·주관적이라는 오해를 준다. ② *비투사 반응의 본질 간과*: 로샤에는 지각·인지 과정 등 투사가 아닌 요소도 많은데 이를 무시하게 된다. | K69: 2018-1회 2024-3회 | L69: PDF확정
A70: A 기초심리평가 | B70: 투사검사(로샤·TAT·HTP) | C70: 확장 | D70: 138 | E70: 1.44 | F70: Q89 | G70: 로샤검사에서 구조적 요약에 제시되는 형태질 종류 3가지를 쓰시오. | H70: FQx(전체 형태질) · MQual(인간운동 형태질) · W+D(흔한영역 형태질) | I70: ① *FQx*: 전체 반응의 형태질 분포. ② *MQual*: 인간운동(M) 반응의 형태질. ③ *W+D*: 흔한 영역(W·D)에서의 형태질. | K70: 2017-3회 2024-2회 | L70: PDF확정
A71: A 기초심리평가 | B71: 투사검사(로샤·TAT·HTP) | C71: 확장 | D71: 151 | E71: 1.35 | F71: Q257 | G71: (26a 신출 추정) 엑스너(Exner) 종합체계의 로샤검사에서 구조요약(Structural Summary)의 해석 군집(cluster)을 기술하시오. | H71: 통제·스트레스 내성 · 정서 · 정보처리 · 인지적 매개 · 관념 · 자기지각 · 대인지각 | I71: 엑스너 구조요약은 채점을 종합해 *7개 해석 군집*으로 분류한다. ① *통제·스트레스 내성*(EA·es·D). ② *정서*(FC:CF+C·Afr·S). ③ *정보처리*(Zf·W:D:Dd·Zd). ④ *인지적 매개*(XA%·X-%·P). ⑤ *관념*(a:p·Ma:Mp·특수점수). ⑥ *자기지각*(자아중심성지표·MOR). ⑦ *대인지각*(COP·AG·T). (추가 특수지표: S-CON·DEPI·PTI·CDI·HVI·OBS) | K71: 2026-1회 | L71: 검토필요
A72: A 기초심리평가 | B72: 투사검사(로샤·TAT·HTP) | C72: 확장 | D72: 152 | E72: 1.35 | F72: Q258 | G72: (26a 신출 추정) "CA"로 시작하는 심리평가 도구 또는 개념을 설명하시오. | H72: CAS(인지평가시스템·PASS) · [대안]CAT · CARS · CA(생활연령·비율IQ) | I72: ※ 26a 신출 추정(키워드 불확실) — 가장 유력 후보 중심. [유력] *CAS(인지평가시스템)*: Naglieri·Das, Luria의 *PASS 모델*(계획·주의·동시처리·순차처리)로 인지를 평가(5~17세). [대안] *CAT*(아동용 주제통각검사), *CARS*(아동기 자폐 평정척도), *CA*(생활연령, 비율 IQ=MA/CA×100). | K72: 2026-1회 | L72: 검토필요
A73: A 기초심리평가 | B73: 투사검사(로샤·TAT·HTP) | C73: 확장 | D73: 163 | E73: 1.11 | F73: Q97 | G73: HTP검사에서 사람(Person) 그림을 통해 평가할 수 있는 측면 3가지를 쓰시오. | H73: 자화상 · 이상적 자아 · 중요한 타인 | I73: ① *자화상*: 자신에 대한 지각·태도가 투영된다. ② *이상적 자아*: 되고 싶은 자기상이 드러난다. ③ *중요한 타인*: 의미 있는 대상에 대한 표상이 나타난다. | J73: 6 | K73: 2014 2022-1회 | L73: 검토필요
A74: A 기초심리평가 | B74: 투사검사(로샤·TAT·HTP) | C74: 확장 | D74: 181 | E74: 0.96 | F74: Q87 | G74: 로샤검사 결과를 엑스너 방식으로 채점하고자 한다. 질문을 통해 탐색해야 할 내용을 5가지 기술하시 오. | H74: 반응 위치(어디서) · 결정인(무엇 때문에) · 반응내용(무엇을) | I74: ① *반응의 위치*: 어느 영역에서 보았는가(“어디서 그렇게 보았나요?”). ② *반응의 결정인*: 무엇 때문에 그렇게 보였는가(형태·색·음영 등). ③ *반응내용*: 무엇으로 보았는가(“무엇을 보았나요?”). (질문단계 핵심 3요소; 추가로 평범반응·조직화 활동 확인) | K74: 2012 2020-1회 | L74: 검토필요
A75: A 기초심리평가 | B75: 투사검사(로샤·TAT·HTP) | C75: 확장 | D75: 184 | E75: 0.94 | F75: Q91 | G75: 로샤검사의 반응영역 기호 4가지를 쓰시오. | H75: W(전체반응) · D(흔한 부분반응) · Dd(드문 부분반응) · S(공백반응) | I75: ① *W(전체반응)* ② *D(흔한 부분반응)* ③ *Dd(드문 부분반응)* ④ *S(공백반응)*. | J75: 6 | K75: 2025-3회 | L75: 검토필요
A76: A 기초심리평가 | B76: 투사검사(로샤·TAT·HTP) | C76: 확장 | D76: 188 | E76: 0.91 | F76: Q95 | G76: 로샤검사 해석시 통합이 실패하는 이유를 4가지 쓰시오. | H76: 자극 모호성 · 단서 모순성 · 지각적 조직화 결함 · 정서·사고장애 영향 | I76: ① *자극의 모호성*. ② *자극 단서의 모순성*. ③ *지각적 조직화 능력 결함*. ④ *정서·사고장애의 영향*. (추가) 인지적 혼란, 주의집중 곤란. | K76: 2025-2회 | L76: PDF확정
A77: A 기초심리평가 | B77: 투사검사(로샤·TAT·HTP) | C77: 확장 | D77: 189 | E77: 0.91 | F77: Q99 | G77: TAT 검사 해석시 반응내용(고려해야 할 요인) 4가지를 쓰시오. | H77: 주제 · 주요인물 감정·태도 · 갈등 유형 · 결말·해결방식 · 욕구 | I77: ① *주제*. ② *주요 인물의 감정·태도*. ③ *갈등·문제 유형*. ④ *결말·해결 방식*. (추가) 욕구, 대인관계 양상. / 고려요인: 언어능력·지적수준·정서상태·방어기제. | J77: 5 | K77: 2025-2회 | L77: PDF확정
A78: A 기초심리평가 | B78: 투사검사(로샤·TAT·HTP) | C78: 확장 | D78: 199 | E78: 0.72 | F78: Q98 | G78: 주제통각검사(TAT)의 개념과 대인관계법 해석방식을 쓰시오. | H78: 개념:무의식 욕구·갈등·대인패턴 투사검사 · 대인관계법:이야기 속 대인 상호작용 분석 | I78: ① *개념*: TAT는 *무의식적 욕구·감정·갈등·대인관계 패턴*을 탐색하는 투사검사이다. ② *대인관계법 해석*: 이야기 속 *대인관계 상황·상호작용을 분석*해 관계 맺기·갈등 처리 방식을 이해한다. | K78: 2024-2회 | L78: 검토필요
A79: A 기초심리평가 | B79: 투사검사(로샤·TAT·HTP) | C79: 확장 | D79: 250 | E79: 0.33 | F79: Q14 | G79: 심리검사 결과를 해석하고 통합하는 데 있어 환자에 대한 정보를 얻을 수 있는 정보의 출처를 4가지 로 나누어 설명하시오. | H79: 검사점수 · 반응내용·주제 · 반응 특징(태도) · 검사자-수검자 대인관계 | I79: ① *검사점수*: 구체적·상대적 정보를 제공한다. ② *반응의 내용·주제*: 개인 고유의 투사적 특성을 제공한다. ③ *반응의 특징(검사 태도)*: 자기 반응에 비판적/우호적인지 등. ④ *검사자-수검자 대인관계*: 검사자 특성이 반응에 영향을 미친다. | K79: 2008 | L79: 검토필요
A80: A 기초심리평가 | B80: 심리평가 총론·면접·행동관찰 | C80: 메인 | D80: 13 | E80: 6.19 | F80: Q7 | G80: 초기 면담 과정에 포함되어야 할 내담자에 대한 행동관찰 요소 5가지를 쓰시오. | H80: 말과 표현 · 신체동작·면담태도 · 용모·외모 · 정서적 반응 · 이해력·의사소통능력 | I80: ① *말과 표현*: 말의 양·속도·논리성 등 언어적 특징을 관찰한다. ② *신체동작 및 면담태도*: 자세·몸짓과 협조 정도 등 태도를 관찰한다. ③ *용모 및 외모*: 위생·옷차림 등 겉모습을 관찰한다. ④ *정서적 반응*: 표정·기분과 정동이 상황에 맞는지 관찰한다. ⑤ *이해력·의사소통능력*: 질문을 알아듣고 주고받는 능력을 관찰한다. ※ 암기: “말·신·용·정·이”. | J80: 5 | K80: 2003 2006 2010-1회 2013 2016-1회 2019 2025-1회 | L80: PDF확정
A81: A 기초심리평가 | B81: 심리평가 총론·면접·행동관찰 | C81: 메인 | D81: 44 | E81: 3.15 | F81: Q142 | G81: 내담자가 상담을 끝낼 준비가 되었는지를 판단할 수 있는 방법 4가지를 쓰시오. | H81: 증상 감소 · 유발 정서 완화 · 대처능력·자기이해 향상 · 대인적응 개선 · 전반적 기능 향상 | I81: ※ 아래 중 4가지를 기술. ① *증상·문제 심각도 감소*: 초기 증상이 줄거나 사라졌는지 본다. ② *유발 정서의 완화*: 상담 원인이 된 스트레스 정서가 완화됐는지 확인한다. ③ *대처능력·자기·타인 이해 향상*을 점검한다. ④ *대인관계 적응·전반적 기능 향상*을 평가한다. (추가) 미래에 대한 긍정적 관점, 생활계획 능력. | J81: 6 | K81: 2016-1회 2020-2회 2021-1회 2023-1회 2023-3회 | L81: 검토필요
A82: A 기초심리평가 | B82: 심리평가 총론·면접·행동관찰 | C82: 메인 | D82: 67 | E82: 2.65 | F82: Q10 | G82: 심리평가에 있어서 전통적 모델과 치료적 모델의 차이를 설명하시오. 단, 각 모델의 목표와 평가자의 역할에 대해서만 기술하시오. | H82: 전통:객관적 측정·분류·진단 · 전통:평가자=중립 관찰자 · 치료:내담자 자기이해·문제해결 조력 · 치료:평가자=참여자·능동 | I82: [전통적 모델] 목표: *내담자 문제를 객관적으로 측정·분류·진단*해 의사결정을 지원한다. 평가자 역할: *중립적 관찰자*로서 결과를 수집·보고하는 제한적 역할. [치료적 모델] 목표: 평가 과정을 통해 *내담자가 자기·문제를 새롭게 이해해 스스로 해결*하도록 조력한다. 평가자 역할: *관찰자이자 참여자*로 상담·평가를 병행하는 능동적 전문가. | K82: 2007 2022-1회 2025-1회 | L82: PDF확정
A83: A 기초심리평가 | B83: 심리평가 총론·면접·행동관찰 | C83: 메인 | D83: 74 | E83: 2.46 | F83: Q31 | G83: 아동 및 청소년을 대상으로 한 상담에서는 발달적 측면에 대한 고려가 이루어져야 한다. 피아제 (Piaget)의 인지발달 이론에 의한 발달단계에서 전조작기, 구체적 조작기, 형식적 조작기에 해당하는 아동 및 청소년을 위한 상담의 특성 및 주의사항을 발달 단계별로 쓰시오. | H83: 전조작기:놀이·상징 · 구체적조작기:역할연기·체험 · 형식적조작기:정서 취약성 민감 반응 | I83: ① *전조작기(2~7세)*: 언어만으론 한계 → *오감·놀이·상징놀이*를 활용한다. ② *구체적 조작기(7~12세)*: 가설·연역 사고가 미숙 → *역할연기·미술·독서치료 등 체험*을 활용한다. ③ *형식적 조작기(12세~)*: *청소년기 정서적 취약성*을 이해하고 민감하게 반응한다. | J83: 6 | K83: 2003 2013 2019-3회 2023-1회 | L83: 검토필요
A84: A 기초심리평가 | B84: 심리평가 총론·면접·행동관찰 | C84: 메인 | D84: 77 | E84: 2.42 | F84: Q9 | G84: 심리평가자의 과학자적 자질과 예술가적 자질에 대해 쓰시오. | H84: 과학자:객관·체계적 가설검증 · 예술가:유연한 통합·개별 맥락 통찰 | I84: ① *과학자적 자질*: 객관·타당한 방법으로 자료를 수집·분석하고 *가설 검증으로 논리적·체계적 해석*을 한다. ② *예술가적 자질*: 임상경험·통찰로 결과를 *유연하게 통합*하고 *개별 특성·맥락을 고려한 의미 있는 판단*을 한다. | K84: 2007 2011 2013 2014 2020-3회 | L84: 검토필요
A85: A 기초심리평가 | B85: 심리평가 총론·면접·행동관찰 | C85: 메인 | D85: 84 | E85: 2.2 | F85: Q1 | G85: 심리평가의 목적을 크게 3가지로 구분하시오. | H85: 임상적 진단 · 자아기능 평가 · 치료전략 평가 | I85: ① *임상적 진단*: 증상을 묶어 진단을 명확히 한다. ② *자아기능 평가*: 성격·인지·정서 등 문제의 정도를 평가한다. ③ *치료전략 평가*: 적합한 치료의 유형·전략·효과를 평가한다. | J85: 3 | K85: 2013 2021-1회 2024-3회 | L85: PDF확정
A86: A 기초심리평가 | B86: 심리평가 총론·면접·행동관찰 | C86: 메인 | D86: 85 | E86: 2.2 | F86: Q35 | G86: 지능을 평가할 때 주요 쟁점인 임상적 접근과 개념적 접근에 대해 설명하시오. | H86: 임상적 접근:측정 가능 실체·측정 방법 · 개념적 접근:이론적 구성개념·정의·구조 | I86: ① *임상적 접근*: 지능을 *측정 가능한 실체*로 보고 *어떻게 측정할 것인가*에 초점을 둔다. ② *개념적 접근*: 지능을 *가설적·이론적 구성개념*으로 보고 *정의와 구조를 이론적으로 탐구*한다. | J86: 6 | K86: 2018-1회 2021-1회 2024-3회 | L86: PDF확정
A87: A 기초심리평가 | B87: 심리평가 총론·면접·행동관찰 | C87: 메인 | D87: 90 | E87: 2.04 | F87: Q253 | G87: 다음 보기의 사례를 읽고 물음에 답하시오. | H87: 기초학습·주의집중 부족 · 맞춤 학습전략 · 학습동기·흥미 프로그램 · 또래관계 곤란 · 대인·사회기술 훈련 | I87: ① A군은 *기초학습능력·주의집중력이 부족*하다. ② *적합한 학습전략·방법*을 적용한다. ③ *학습동기·흥미를 높이는 프로그램*으로 집중도를 향상시킨다. ④ A군은 *또래와 어울리지 못한다*. ⑤ *대인관계 개선·사회기술 훈련*을 받게 한다. | K87: 2006 2013 2018-1회 2021-1회 | L87: 검토필요
A88: A 기초심리평가 | B88: 심리평가 총론·면접·행동관찰 | C88: 메인 | D88: 94 | E88: 1.89 | F88: Q15 | G88: 보건소나 정신보건센터에 정신질환자가 내원했을 때, 가장 먼저 체크해야 하는 것 2가지를 쓰시오. | H88: 심리평가의 사유(주호소·증상) · 정신상태 평가 · 발달사적 정보 | I88: ① *심리평가의 사유*: 평가를 받게 된 주된 이유·증상을 먼저 확인한다. ② *정신상태 평가*: 말·표정·자세·태도로 현재 정신병리를 가늠한다. (또는 발달사적 정보 수집) | K88: 2015-2회 2020-1회 2023-3회 | L88: 검토필요
A89: A 기초심리평가 | B89: 심리평가 총론·면접·행동관찰 | C89: 확장 | D89: 124 | E89: 1.53 | F89: Q2 | G89: 심리평가에서 심리검사를 시행하는 주요 목적을 5가지 쓰시오. | H89: 잠재된 문제 확인·진단 · 심각성 파악 · 변별진단 · 특수영역 기능 · 성격·전반적 기능 | I89: ① *드러나지 않은(잠재) 문제의 확인·진단*. ② *증상·행동의 심각성 파악*. ③ *변별진단*. ④ *특수 영역의 기능 평가*. ⑤ *성격·전반적 기능 수준 평가*. | J89: 5 | K89: 2013 2015 2021-1회 | L89: 검토필요
A90: A 기초심리평가 | B90: 심리평가 총론·면접·행동관찰 | C90: 확장 | D90: 144 | E90: 1.44 | F90: Q252 | G90: 건강 심리학의 발달 배경을 3가지 쓰시오. | H90: 만성질환 중심 전환 · 심리적 접근 필요성 · 건강관리 수요·예방 강조 | I90: ① *질병 양상의 변화*: 급성질환 중심에서 *만성질환 중심*으로 전환되었다. ② *심리적 접근의 필요성 확대*: 행동·생활습관이 건강에 미치는 영향이 부각되었다. ③ *건강관리 수요 증가·예방 강조*: 건강서비스 확대와 *예방 중심 건강 개념*이 강조되었다. | J90: 5 | K90: 2017-2회 2024-2회 | L90: 검토필요
A91: A 기초심리평가 | B91: 심리평가 총론·면접·행동관찰 | C91: 확장 | D91: 147 | E91: 1.37 | F91: Q25 | G91: 현 병력을 기술할 때 반드시 포함되어야 할 5가지 정보를 쓰시오. | H91: 발생 시기 · 발생 상황 · 증상 발현 양상 · 치료경력·대응노력 · 생활상의 변화 | I91: ① *문제의 발생 시기*. ② *문제의 발생 상황*. ③ *증상의 발현 양상*. ④ *치료 경력·증상 대응 노력*. ⑤ *증상으로 인한 심리·생활상의 변화*. | J91: 5 | K91: 2012 2016-1회 2019-3회 | L91: PDF확정
A92: A 기초심리평가 | B92: 심리평가 총론·면접·행동관찰 | C92: 확장 | D92: 198 | E92: 0.72 | F92: Q23 | G92: 임상적 면접은 그 필요성과 상황, 목적에 따라 다르게 구분된다. 다음 보기의 내용과 연관된 임상적 면접의 종류를 쓰시오. | H92: 사례사(개인력) 면접 | I92: *사례사(개인력) 면접*: 현재 증상보다 *환자의 과거력·생활 전반*(아동기 경험·가족관계·학교·결혼생활 등)을 중심으로 정보를 수집하는 면접으로, 주변 인물 면접도 활용한다. | K92: 2024-2회 | L92: 검토필요
A93: A 기초심리평가 | B93: 심리평가 총론·면접·행동관찰 | C93: 확장 | D93: 211 | E93: 0.56 | F93: Q122 | G93: 다음의 해석단계를 순서대로 기호로 쓰시오. | H93: 준비 확인 · 의도 재고 · 다양한 방법 제공 · 반응 확인 | I93: *ㄱ(준비 확인) → ㄷ(상담자 의도 재고) → ㄹ(다양한 방법으로 해석 제공) → ㄴ(내담자 반응 확인)*. | K93: 2022-3회 | L93: 검토필요
A94: A 기초심리평가 | B94: 심리평가 총론·면접·행동관찰 | C94: 확장 | D94: 225 | E94: 0.42 | F94: Q5 | G94: 심리평가를 위한 자료원 중 면담, 행동관찰과 비교한 심리검사의 장점 3가지를 쓰시오. | H94: 객관적·포괄적 정보 · 표집자료로 전체 기능 추정 · 측정영역 간접 유추 | I94: ① *객관적·포괄적 정보 제공*: 질적 정보를 수치화·체계화한다. ② *전체 기능의 추정*: 표집된 자료로 전반적 기능을 추정한다. ③ *간접적 유추*: 직접 관찰이 어려운 측정영역(무의식 등)을 유추한다. | K94: 2017-2회 | L94: 검토필요
A95: A 기초심리평가 | B95: 심리평가 총론·면접·행동관찰 | C95: 확장 | D95: 246 | E95: 0.36 | F95: Q224 | G95: 다음 보기의 사례를 읽고 물음에 답하시오. | H95: 선행사건-결과로 유지조건 인식 · 상호 비난·책임회피 패턴 자각 · 대안행동 강화 | I95: ① *유지조건 인식*: 선행사건·후속결과에 주목해 부적응 행동이 반복되는 상황을 A군·어머니에게 인식시킨다. ② *패턴 자각*: 상호 비난·책임회피 상호작용이 문제를 유지함을 자각하게 한다. ③ *대안행동 강화*: 새로운 적응적 행동을 시도·강화하도록 돕는다. | K95: 2012 | L95: 검토필요
A96: A 기초심리평가 | B96: 심리평가 총론·면접·행동관찰 | C96: 확장 | D96: 247 | E96: 0.34 | F96: Q3 | G96: 내담자에 대한 심리평가에서 중요하게 다루어지는 자료, 중요사항 혹은 영역 3가지를 쓰시오. | H96: 면담 · 행동관찰 · 심리검사 | I96: ① *면담*: 방문사유·태도·개인력 등 폭넓은 정보를 얻는다. ② *행동관찰*: 일상생활 속 행동 양상을 추측한다. ③ *심리검사*: 성격·인지·정서에 대한 객관적 정보를 제공한다. (추가) 생활사적 정보, 기록자료. | K96: 2009 | L96: 검토필요
A97: A 기초심리평가 | B97: 심리평가 총론·면접·행동관찰 | C97: 확장 | D97: 248 | E97: 0.34 | F97: Q4 | G97: 내담자에 대한 심리검사 평가에서 중요하게 다루어지는 자료, 중요사항 혹은 영역 3가지를 쓰시오. | H97: 인지영역 · 성격 및 정서 · 대인관계 | I97: ① *인지영역*(지적능력·사고영역). ② *성격 및 정서*. ③ *대인관계*. | K97: 2009 | L97: 검토필요
A98: A 기초심리평가 | B98: 검사이론·해석·보고서 | C98: 메인 | D98: 59 | E98: 2.73 | F98: Q28 | G98: 심리평가 시 검사의 신뢰도를 평가하는 3가지 검사를 쓰고 설명하시오. | H98: 검사-재검사 · 동형검사 · 반분 · 내적 일관성 · 평가자 간 | I98: ※ 아래 중 3가지를 쓰고 설명. ① *검사-재검사 신뢰도*: 같은 검사를 시간 간격 두고 재실시해 일관성 확인. ② *동형검사 신뢰도*: 내용·난이도가 동등한 두 형태를 실시해 일관성 측정. ③ *반분 신뢰도*: 검사를 둘로 나눠 두 점수의 일관성 추정. (추가) *내적 일관성*, *평가자 간 신뢰도*. | J98: 4.5 | K98: 2019-1회 2022-3회 2025-2회 | L98: PDF확정
A99: A 기초심리평가 | B99: 검사이론·해석·보고서 | C99: 메인 | D99: 66 | E99: 2.7 | F99: Q33 | G99: 타당도의 개념 및 종류에 대해 설명하시오. | H99: 측정하려는 것을 정확히 재는 정도 · 내용타당도 · 준거타당도 · 구성타당도 · 안면타당도 | I99: (개념) *타당도*는 검사가 *측정하려는 바를 얼마나 정확히 측정하는가*의 정도이다. ① *내용타당도*: 문항이 측정영역을 잘 대표하는지 전문가가 평가. ② *준거타당도*: 외적 준거와의 관련성(예언·동시타당도). ③ *구성타당도*: 이론적 구성개념을 잘 측정하는 정도(수렴·변별, 요인분석). ④ *안면타당도*: 일반인이 보기에 타당해 보이는 정도. | K99: 2004 2026-1회 | L99: PDF확정
A100: A 기초심리평가 | B100: 검사이론·해석·보고서 | C100: 메인 | D100: 78 | E100: 2.29 | F100: Q22 | G100: 임상 면접의 서면보고서에 포함되어야 할 사항 5가지를 쓰시오. | H100: 신상정보 · 주호소 · 현·과거 병력 · 개인력·가족력 · 정신상태검사·권고 | I100: ① *신상정보*. ② *주호소 문제*. ③ *현 병력·과거 병력*. ④ *개인력·가족력*(+병전 성격). ⑤ *정신상태검사·권고사항*. | J100: 5 | K100: 2003 2006 2008 2010 2019-3회 | L100: 검토필요
...

Sheet 문항전체
A1: 순위 | B1: Q번호 | C1: 가중치 | D1: 누적% | E1: 영역 | F1: 세부단원 | G1: 구분 | H1: 문제 | I1: 핵심어 | J1: 시험용 답안 | K1: 평균배점 | L1: 출제횟수 | M1: 출제회차 | N1: 최신
A2: 1 | B2: Q176 | C2: 16.17 | D2: 3 | E2: B 기초심리상담 | F2: 집단상담 | G2: 메인 | H2: 얄롬(Yalom)이 제시한 집단상담의 치료적 요인을 5가지 기술하시오. | I2: 희망의 고취 · 보편성 · 정보전달 · 이타심 · 1차 가족집단의 교정적 재현 · 사회기술 발달 · 모방행동 · 대인관계 학습 · 집단 응집력 · 정화 · 실존적 요인 | J2: ※ 아래 중 5(또는 6)가지를 기술. ① *희망의 고취*: 다른 집단원의 회복을 보며 자신도 나아질 수 있다는 희망을 얻는다. ② *보편성*: 자신만 겪는 문제가 아님을 깨달아 고립감이 줄고 위안을 얻는다. ③ *정보전달*: 상담자·집단원에게서 문제에 관한 지식과 조언을 얻는다. ④ *이타심*: 서로 돕고 지지하는 경험에서 자존감을 회복한다. ⑤ *1차 가족집단의 교정적 재현*: 집단을 원가족처럼 경험하며 과거 가족갈등을 교정적으로 다시 다룬다. ⑥ *사회기술의 발달*: 피드백을 통해 대인관계에 필요한 사회기술을 학습한다. ⑦ *모방행동*: 상담자·다른 집단원의 적응적 행동을 관찰·모방한다. ⑧ *대인관계 학습*: 집단 상호작용에서 자기 대인패턴을 통찰·교정한다. ⑨ *집단 응집력*: 집단에 대한 소속감·신뢰가 변화의 기반이 된다. ⑩ *정화(카타르시스)*: 억압된 감정을 표현하며 정서적 해소를 경험한다. ⑪ *실존적 요인*: 삶의 유한성·책임·고독 등 실존적 조건을 직면·수용한다. | K2: 5.3 | L2: 12 | M2: 2009 2012 2013 2014 2017-1회 2017-2회 2018-1회 2019-1회 2021-1회 2024-1회 2024-3회 2026-1회 | N2: ★
A3: 2 | B3: Q118 | C3: 16.17 | D3: 5.9 | E3: B 기초심리상담 | F3: 상담관계·면접기법 | G3: 메인 | H3: 다음 보기의 내담자 진술에 대한 상담자의 반응은 각각 어떤 개입기술에 해당하는지 쓰시오. | I3: 반영 · 명료화 · 직면 · 해석 | J3: ① *반영*: 내담자의 감정을 그대로 비춰준다(“그 꿈으로 매우 놀라고 두려우셨군요”). ② *명료화*: 모호한 내용을 구체화하도록 되묻는다(“그 두려움은 어떤 죄책감을 의미하나요?”). ③ *직면*: 회피한 모순·이면을 직시하게 한다(“평소 아버지에게 갈등이 있던 것은 아닌지요?”). ④ *해석*: 무의식적 의미를 연결해 통찰을 준다(“무의식적 적개심이 상징적으로 표현된 것”). ※ 반영<명료화<직면<해석 순으로 개입 깊이가 커진다. | L3: 12 | M3: 2003 2004 2009 2013 2016-1회 2020-1회 2021-1회 2022-1회 2022-3회 2023-2회 2024-1회 2026-1회 | N3: ★
A4: 3 | B4: Q120 | C4: 10.78 | D4: 7.9 | E4: B 기초심리상담 | F4: 상담과정·목표·종결 | G4: 메인 | H4: 심리상담 과정에서 내담자가 침묵을 지키는 이유 6가지를 기술하시오. | I4: 관계형성의 두려움 · 적대감·저항 · 상담자 반응 기대 · 정서적 피로 회복 · 할 말의 부재 · 주제 제시 대기 | J4: ① *관계형성의 두려움*: 초기 단계에서 상담자와의 관계가 불안해 침묵한다. ② *적대감·저항의 표현*: 상담자에 대한 반감·저항을 침묵으로 드러낸다. ③ *상담자의 반응 기대*: 자기 말에 대한 확인·해석을 기다리며 침묵한다. ④ *정서적 피로의 회복*: 감정 표현 후 정서적 소진에서 회복하는 중이다. ⑤ *할 말의 부재*: 더 떠오르는 말이 없거나 무엇을 말할지 몰라 침묵한다. ⑥ *주제 제시 대기*: 다음 주제를 상담자가 제시해 주길 기다린다. | K4: 4 | L4: 8 | M4: 2008 2010 2012 2015 2019-1회 2023-1회 2025-1회 2026-1회 | N4: ★
A5: 4 | B5: Q71 | C5: 9.39 | D5: 9.6 | E5: A 기초심리평가 | F5: MMPI·다면적 인성검사 | G5: 메인 | H5: MMPI 상승 분석에서 4-9/9-4 형태에 대한 해석 5가지를 쓰시오. | I5: 반사회적 행동화 · 충동성·공격성 · 피상적 대인관계 · 무책임·규범 무시 · 합리화 방어 | J5: ① *반사회적·성적 행동화*: 범법·신체노출·성적 일탈 등 행동화 위험이 높다. ② *충동성·공격성*: 충동 조절이 어렵고 과격·공격적 행동을 보인다. ③ *피상적 대인관계*: 자기중심적이고 타인을 불신해 관계가 깊지 못하다. ④ *무책임·규범 무시*: 행동에 무책임하며 사회규범·가치를 무시한다. ⑤ *합리화 방어*: 합리화로 문제를 외면하고 실패 원인을 타인에게 전가한다. | K5: 5 | L5: 10 | M5: 2006 2008 2011 2015 2017-1회 2020-1회 2021-1회 2023-2회 2024-1회 2025-3회
A6: 5 | B6: Q123 | C6: 9.1 | D6: 11.3 | E6: C 심리치료 | F6: 정신역동·인간중심·이론 | G6: 메인 | H6: 방어기제의 의미를 쓰고, 방어기제 유형 5가지를 간략히 설명하시오. | I6: 자아 보호 · 무의식적 적응기제 · 억압 · 부정(부인) · 투사 · 반동형성 · 승화 | J6: (의미) *방어기제*는 불안을 일으키는 내적 갈등·외적 위협에서 *자아를 보호*하려고 *무의식적으로* 쓰는 심리적 적응 기제이다. ① *억압*: 고통스러운 생각·기억을 의식에서 무의식으로 밀어낸다. ② *부정(부인)*: 위협적 현실·감정을 없는 것처럼 여긴다. ③ *투사*: 받아들이기 어려운 자기 충동을 타인의 것으로 돌린다. ④ *반동형성*: 무의식적 충동을 정반대의 행동·태도로 표현한다. ⑤ *승화*: 용납되기 어려운 충동을 사회적으로 가치 있는 행동으로 전환한다. | L6: 10 | M6: 2004 2007 2010 2017-2회 2021-1회 2022-3회 2023-2회 2023-3회 2024-1회 2025-2회
A7: 6 | B7: Q233 | C7: 8.19 | D7: 12.8 | E7: C 심리치료 | F7: 인지·인지행동치료 | G7: 메인 | H7: 벡(Beck)의 인지적 오류 6가지를 쓰고, 각각에 대해 설명하시오. | I7: 임의적 추론 · 선택적 추상화 · 과잉일반화 · 개인화 · 이분법적 사고 · 과장/축소 · 정서적 추론 · 긍정 격하 | J7: ※ 아래 중 6가지를 골라 기술. ① *임의적 추론*: 충분한 근거 없이 결론을 내린다. ② *선택적 추상화*: 일부 정보만 보고 전체를 판단한다. ③ *과잉일반화*: 제한된 경험을 모든 상황에 적용한다. ④ *개인화*: 자신과 무관한 일을 자기 탓으로 돌린다. ⑤ *이분법적 사고*: 경험을 흑백·극단으로만 평가한다. ⑥ *과장/축소*: 사건의 중요성을 실제보다 키우거나 줄인다. ⑦ *정서적 추론*: 감정을 사실 판단의 근거로 삼는다. ⑧ *긍정 격하*: 긍정적 경험·능력을 평가절하한다. | K7: 6.3 | L7: 9 | M7: 2007 2015 2018-1회 2018-3회 2022-1회 2023-1회 2023-2회 2024-1회 2025-2회
A8: 7 | B8: Q206 | C8: 8.09 | D8: 14.3 | E8: C 심리치료 | F8: 행동치료 | G8: 메인 | H8: 행동치료기법 중 토큰 이코노미(Token Economy)의 장점을 6가지 쓰시오. | I8: 이중 강화 · 강화 포화 예방 · 지연만족 학습 · 강화 제공 간편 · 강화 지연 예방 · 개별화·체계화 | J8: ① *이중 강화 효과*: 토큰 지급과 교환강화의 이중 강화로 효과가 커진다. ② *강화 포화 예방*: 다양한 강화물로 교환돼 강화력 저하를 막는다. ③ *지연만족의 학습*: 토큰을 모으는 과정에서 만족 지연을 배운다. ④ *강화 제공의 간편성*: 바람직한 행동 직후 즉시 간편하게 줄 수 있다. ⑤ *강화 지연의 예방*: 토큰을 즉시 배분해 강화가 늦어지지 않게 한다. ⑥ *개별화·체계화 용이*: 대상별 목표행동과 교환규칙을 체계적으로 설계할 수 있다. | K8: 5 | L8: 6 | M8: 2012 2018-3회 2021-3회 2024-1회 2025-1회 2026-1회 | N8: ★
A9: 8 | B9: Q126 | C9: 7.93 | D9: 15.7 | E9: C 심리치료 | F9: 정신역동·인간중심·이론 | G9: 메인 | H9: 인간중심치료에서 로저스(Rogers)가 강조한 치료자의 특성 혹은 태도를 3가지 쓰시오. | I9: 공감적 이해 · 무조건적 긍정적 존중 · 일치성(진실성) | J9: ① *공감적 이해*: 내담자의 내적 세계를 그의 입장에서 느끼고 이해한다. ② *무조건적 긍정적 존중*: 판단 없이 내담자를 있는 그대로 수용한다. ③ *일치성(진실성)*: 상담자가 자기 경험에 솔직하고 가식 없이 대한다. | K9: 4 | L9: 11 | M9: 2008 2010 2014 2017-2회 2018-3회 2019-3회 2021-1회 2022-1회 2023-2회 2023-3회 2024-2회
A10: 9 | B10: Q178 | C10: 6.74 | D10: 16.9 | E10: B 기초심리상담 | F10: 집단상담 | G10: 메인 | H10: 집단상담의 장점과 제한점을 각각 3가지 쓰시오. | I10: 시간·비용 절감 · 현실검증 기회 · 소속감·대인학습 · 비밀보장 한계 · 개별관심 부족 · 집단압력·부적합 | J10: [장점] ① *시간·비용의 절감*: 한 번에 여러 명을 도와 효율적이다. ② *현실검증의 기회*: 축소된 사회로 기능해 자기 점검과 피드백이 가능하다. ③ *소속감·대인관계 학습*: 소속감 속에서 대인관계 문제를 다루고 학습한다. [제한점] ① *비밀보장의 한계*: 구성원이 많아 비밀유지가 어렵다. ② *개별적 관심의 부족*: 개인별 깊은 주의가 분산된다. ③ *집단 압력·부적합 위험*: 집단 압력으로 부담을 느끼거나 집단에 맞지 않아 역효과가 날 수 있다. | K10: 5.2 | L10: 5 | M10: 2015 2019-1회 2021-1회 2023-2회 2026-1회 | N10: ★
A11: 10 | B11: Q149 | C11: 6.74 | D11: 18.2 | E11: B 기초심리상담 | F11: 상담과정·목표·종결 | G11: 메인 | H11: 단회상담은 다른 일반적인 심리상담과 달리 극히 제한된 시간 내에 문제 상황을 처리해야 하는 경우 가 많다. 이러한 단회상담에서 강조되는 원리 또는 기술 7가지를 제시하시오. | I11: 단·다회 신속 결정 · 욕구 명확화 · 현실적 목표 · 능동적 대화 조절 · 융통성+단호함 · 동기 유지 · 조언·지시 활용 | J11: ① *단회/다회 신속 결정*: 단회로 끝낼지 이어갈지 신속히 판단한다. ② *원하는 바 명확화*: 내담자가 무엇을 원하는지 분명히 파악한다. ③ *현실적 목표 수립*: 함께 현실적·합리적 목표를 정한다. ④ *능동적 대화 조절*: 제한된 시간 안에서 대화를 주도적으로 이끈다. ⑤ *융통성과 단호함*: 유연하되 단호한 태도를 유지한다. ⑥ *문제해결 동기 유지*: 내담자의 해결 의지와 동기를 북돋운다. ⑦ *조언·지시의 적절한 활용*: 필요한 조언·지시를 효과적으로 활용한다. | K11: 5 | L11: 5 | M11: 2011 2015 2019-1회 2023-1회 2026-1회 | N11: ★
A12: 11 | B12: Q243 | C12: 6.74 | D12: 19.4 | E12: D 자문·교육·심리재활 | F12: 정신재활 | G12: 메인 | H12: 치료와 재활의 의미와 차이를 기술하시오. | I12: 증상·병리 완화 · 체계적 과정 · 기능 회복 · 일상 적응 · 강점·자원 활용 · 기술훈련·자원연계 | J12: (1) 의미 — *치료*는 질병·장애의 *증상·병리를 줄이거나 완화*하기 위한 계획적·체계적 활동이다. *재활*은 장애인이 *신체·정신·사회·직업적 기능을 최대한 회복*해 *일상생활에 적응*하도록 돕는 체계적 과정이다. (2) 차이 — 치료는 *원인·병리를 이해해 증상·역기능을 감소*시키는 데 초점을 둔다. 반면 재활은 *개인의 강점·자원을 활용해 기능을 회복·확장*하고 생활 적응을 돕는 *실천적 접근(기술훈련·자원연계)*에 초점을 둔다. | K12: 6 | L12: 5 | M12: 2004 2006 2007 2020-2회 2026-1회 | N12: ★
A13: 12 | B13: Q34 | C13: 6.74 | D13: 20.6 | E13: A 기초심리평가 | F13: 지능검사 | G13: 메인 | H13: 웩슬러가 정의한 지능의 개념을 쓰고 유동성 지능과 결정성 지능의 특징을 각각 2가지씩 기술하시오. | I13: 합목적적 행동 · 합리적 사고 · 환경의 효율적 처리 · 종합적·전체적 능력 · 유동성:선천·새 문제·노화감소 · 결정성:후천·언어지식·유지 | J13: (개념) 지능은 *합목적적으로 행동*하고 *합리적으로 사고*하며 *환경을 효율적으로 처리*하는 *종합적·전체적 능력*이다(웩슬러). [유동성 지능] ① *선천적·생득적*이며 뇌 성숙에 의존한다. ② *새로운 문제의 추론·처리속도*에 관여하고 *노화에 따라 감소*한다. [결정성 지능] ① *후천적 경험·교육·문화*의 산물이다. ② *언어·지식·이해* 기반으로 *연령이 들어도 유지·증가*한다. | K13: 6 | L13: 5 | M13: 2004 2010 2015 2019-3회 2026-1회 | N13: ★
A14: 13 | B14: Q7 | C14: 6.19 | D14: 21.8 | E14: A 기초심리평가 | F14: 심리평가 총론·면접·행동관찰 | G14: 메인 | H14: 초기 면담 과정에 포함되어야 할 내담자에 대한 행동관찰 요소 5가지를 쓰시오. | I14: 말과 표현 · 신체동작·면담태도 · 용모·외모 · 정서적 반응 · 이해력·의사소통능력 | J14: ① *말과 표현*: 말의 양·속도·논리성 등 언어적 특징을 관찰한다. ② *신체동작 및 면담태도*: 자세·몸짓과 협조 정도 등 태도를 관찰한다. ③ *용모 및 외모*: 위생·옷차림 등 겉모습을 관찰한다. ④ *정서적 반응*: 표정·기분과 정동이 상황에 맞는지 관찰한다. ⑤ *이해력·의사소통능력*: 질문을 알아듣고 주고받는 능력을 관찰한다. ※ 암기: “말·신·용·정·이”. | K14: 5 | L14: 7 | M14: 2003 2006 2010-1회 2013 2016-1회 2019 2025-1회
A15: 14 | B15: Q248 | C15: 6.19 | D15: 22.9 | E15: D 자문·교육·심리재활 | F15: 정신재활 | G15: 메인 | H15: 정신사회재활을 계획하고 개입할 때 재활치료의 기본 구성요소를 5가지 쓰시오. /만성 정신질환자에 대한 재활개입 방법을 3가지 쓰고, 각각에 대해 설명하시오. /학습 및 환경변화를 통해 만성 정신질 환자의 사회적 기능을 최대한 회복시키는 것을 ‘정신사회재활’이라고 한다. 정신사회재활에서 환자를 대상으로 한 치료적 개입에 포함되는 내용(구성요소)을 4가지 쓰시오. | I15: 사회기술훈련 · 환자교육(정신교육) · 가족교육·치료 · 직업재활 · 지역사회 지지서비스 | J15: ① *사회기술훈련*: 대인관계·의사소통·문제해결 등 결함된 사회기술을 학습·연습시킨다. ② *환자교육(정신교육)*: 질병 이해·약물관리·재발징후 대처를 교육해 자가관리를 높인다. ③ *가족교육 및 치료*: 가족의 이해를 높이고 역기능적 의사소통을 줄여 재발을 예방한다. ④ *직업재활*: 직업탐색·훈련·취업연계로 사회적 역할을 회복하도록 돕는다. ⑤ *지역사회 지지서비스*: 주거·재정·의료·여가 등 자원을 연결해 지역사회 적응을 돕는다. | L15: 7 | M15: 2009 2013 2016-2회 2021-1회 2021-3회 2022-1회 2025-1회
A16: 15 | B16: Q117 | C16: 5.64 | D16: 23.9 | E16: B 기초심리상담 | F16: 상담관계·면접기법 | G16: 메인 | H16: 다음 보기의 사례를 읽고 내담자의 말에 대한 반영적 반응을 적절히 제시하시오. | I16: 감정 반영 · 내용 반영 | J16: (모범 반영) “남편이 일찍 들어오겠다는 약속을 정말로 지켜서, 예상치 못한 일에 무척 놀라셨군요.” ※ 내담자의 *감정(놀람)*과 *내용(약속 이행)*을 함께 비춰주는 것이 반영의 핵심이다. | L16: 6 | M16: 2003 2005 2012 2014 2018 2025-3회
A17: 16 | B17: Q186 | C17: 5.46 | D17: 24.9 | E17: C 심리치료 | F17: 가족·아동치료 | G17: 메인 | H17: 놀이치료는 놀이 치료적 가치가 있다. 놀이의 치료적 가치를 5가지 기술하시오. | I17: 저항 감소·관계형성 · 의사소통 매체 · 불안 감소·이완 · 정화·외상 극복 · 창조적 사고·문제해결 · 유능감·자존감 · 역할놀이·행동연습 | J17: ※ 아래 중 5가지를 기술. ① *저항 감소·관계형성*: 놀이가 저항을 낮춰 치료관계 형성을 돕는다. ② *의사소통의 매체*: 말이 어려운 아동의 이해·진단 매체가 된다. ③ *불안 감소·이완*: 긴장을 풀고 불안을 줄인다. ④ *정화·외상 극복*: 놀이를 통한 정화로 심리적 외상 극복을 돕는다. ⑤ *창조적 사고·문제해결*: 창의적 사고를 촉진해 문제해결력을 높인다. ⑥ *유능감·자존감*: 성취 경험으로 자아존중감을 키운다. ⑦ *역할놀이·행동연습*: 새로운 행동을 연습·습득하게 한다. | K17: 5 | L17: 6 | M17: 2015-1회 2016-2회 2020-2회 2022-1회 2023-2회 2025-2회
A18: 17 | B18: Q193 | C18: 5.39 | D18: 25.9 | E18: C 심리치료 | F18: 가족·아동치료 | G18: 메인 | H18: 해결중심(가족)치료에서 사용하는 해결 지향적 질문 유형을 3가지 쓰고, 각각에 대해 설명하시오. | I18: 예외질문 · 기적질문 · 척도질문 · 대처질문 | J18: ※ 아래 중 3가지를 쓰고 설명. ① *예외질문*: 문제가 없었던 예외 상황을 찾아 해결 실마리를 탐색한다. ② *기적질문*: 문제가 해결된 상태를 상상하게 해 원하는 변화를 구체화한다. ③ *척도질문*: 숫자로 문제 정도·변화 수준을 평가하게 한다. ④ *대처질문*: 힘든 상황에서도 해온 대처 경험으로 강점을 인식하게 한다. | K18: 5.5 | L18: 4 | M18: 2018-1회 2020-3회 2023-3회 2026-1회 | N18: ★
A19: 18 | B19: Q92 | C19: 5.39 | D19: 26.9 | E19: A 기초심리평가 | F19: 투사검사(로샤·TAT·HTP) | G19: 메인 | H19: 로샤검사의 특수점수에서 특수내용의 종류를 3가지 쓰고 각각에 대해 설명하시오. | I19: 추상적 내용(AB) · 공격적 운동(AG) · 협조적 운동(COP) · 병적 내용(MOR) | J19: ※ 아래 중 3가지를 쓰고 설명. ① *추상적 내용(AB)*: 상징적·추상적 표현이 분명한 반응에 채점한다. ② *공격적 운동(AG)*: 싸움·파괴 등 주체적 공격이 담긴 운동반응에 채점한다. ③ *협조적 운동(COP)*: 둘 이상 대상이 적극적·협조적으로 상호작용하는 운동반응에 채점한다. ④ *병적 내용(MOR)*: 손상·죽음·우울감이 부여된 반응에 채점한다. | K19: 5.5 | L19: 4 | M19: 2018-1회 2020-3회 2023-2회 2026-1회 | N19: ★
A20: 19 | B20: Q110 | C20: 5.39 | D20: 27.9 | E20: B 기초심리상담 | F20: 상담과정·목표·종결 | G20: 메인 | H20: 상담 초기 단계에서 반드시 이루어져야 하는 내용을 3가지 쓰시오. | I20: 관계형성(라포) · 내담자 이해·평가 · 상담의 구조화 · 상담목표 설정 · 기대 조율 | J20: ※ 아래 중 3가지를 기술. ① *상담관계 형성(라포)*: 신뢰로운 작업동맹을 형성한다. ② *내담자 이해·평가*: 호소문제와 내담자를 탐색·평가한다. ③ *상담의 구조화*: 상담의 방식·역할·한계를 안내한다. ④ *상담목표 설정*: 합의된 구체적 목표를 정한다. ⑤ *기대 조율*: 상담에 대한 기대를 현실적으로 맞춘다. | K20: 5 | L20: 4 | M20: 2013 2016-1회 2023-2회 2026-1회 | N20: ★
A21: 20 | B21: Q141 | C21: 5.39 | D21: 28.9 | E21: B 기초심리상담 | F21: 상담과정·목표·종결 | G21: 메인 | H21: 상담 과정에서 내담자의 주요 호소문제가 명확해지면 상담의 구체적인 목표를 설정하게 된다. 상담 목표설정 시 지켜야 할 기준 5가지를 쓰시오. | I21: 현실성(능력 고려) · 구체성·검증가능 · 가치·욕구 부합 · 결과·성취 중심 · 측정 가능 · 시간범위 | J21: ① *현실성(능력 고려)*: 내담자의 능력에 맞춰 현실적으로 설정한다. ② *구체성·검증가능성*: 구체적 행동으로 검증 가능해야 한다. ③ *가치·욕구 부합*: 내담자의 가치와 욕구에 적절해야 한다. ④ *결과·성취 중심 진술*: 결과와 성취 중심으로 진술한다. ⑤ *측정 가능성*: 가시적이고 측정 가능한 변화로 나타나야 한다. (추가) 현실적 *시간범위*를 설정한다. | L21: 4 | M21: 2011 2017-1회 2021-3회 2026-1회 | N21: ★
A22: 21 | B22: Q240 | C22: 5.05 | D22: 29.8 | E22: D 자문·교육·심리재활 | F22: 정신재활 | G22: 메인 | H22: 재활모형에서 손상, 장애, 핸디캡의 의미를 쓰고, 개입방법상의 차이점을 설명하시오. | I22: 손상(기관·임상치료) · 장애(개인·임상재활) · 핸디캡(사회·사회재활) | J22: (1) 의미 — ① *손상*: 생리·해부학적 구조·기능에 이상이 있는 상태. ② *장애*: 손상으로 정상적 행동수행 능력이 제한·결핍된 상태. ③ *핸디캡*: 손상·장애로 역할수행이 제한돼 사회적 불이익을 겪는 상태. (2) 개입 차이 — 손상은 *기관 차원*의 약물·정신치료 등 *임상적 치료*, 장애는 *개인 차원*의 기술·역할훈련 등 *임상적 재활*, 핸디캡은 *사회 차원*의 권익옹호·편견해소·제도변화 등 *사회적 재활*로 접근한다. | K22: 5.5 | L22: 7 | M22: 2010 2012 2013 2018-1회 2023-1회 2023-2회 2024-2회
A23: 22 | B23: Q24 | C23: 4.97 | D23: 30.7 | E23: A 기초심리평가 | F23: 진단·이상심리 | G23: 메인 | H23: 심리평가의 최종 보고서에 반드시 포함되어야 할 내용을 5가지만 쓰시오. | I23: 인적사항 · 의뢰사유·주호소 · 병력·개인력·가족력 · 행동관찰·검사결과 · 진단·권고 | J23: ① *인적사항*: 이름·연령·성별 등 기본 정보. ② *의뢰사유·주호소 문제*: 평가 의뢰 이유와 핵심 호소. ③ *병력·개인력·가족력*: 현·과거 병력과 발달·가족 배경. ④ *행동관찰·검사결과*: 실시 검사 종류와 관찰·결과. ⑤ *진단적 인상·권고사항*: 의심 진단명과 치료 권고. | K23: 5 | L23: 8 | M23: 2010 2017-2회 2019-3회 2020-1회 2021-3회 2022-1회 2023-1회 2023-2회
A24: 23 | B24: Q83 | C24: 4.7 | D24: 31.6 | E24: A 기초심리평가 | F24: 기타 성격·진로검사 | G24: 메인 | H24: TCI의 척도를 구성하는 4가지 기질 차원과 3가지 성격 차원을 설명하시오. | I24: 자극추구(NS) · 위험회피(HA) · 사회적민감성(RD) · 인내력(P) · 자율성(SD) · 연대감(CO) · 자기초월(ST) | J24: [기질 4차원] ① *자극추구(NS)*: 새 자극·보상에 행동이 활성화. ② *위험회피(HA)*: 위험·혐오 자극에 행동이 억제·위축. ③ *사회적 민감성(RD)*: 사회적 보상신호(타인 감정)에 민감. ④ *인내력(P)*: 보상이 없어도 행동을 지속. [성격 3차원] ① *자율성(SD)*: 목표 위해 자기 행동을 조절·적응. ② *연대감(CO)*: 자신을 사회 일부로 보고 타인을 수용. ③ *자기초월(ST)*: 자신을 자연·우주의 일부로 느끼는 영적 성향. | L24: 5 | M24: 2018-1회 2023-3회 2024-1회 2024-3회 2025-3회
A25: 24 | B25: Q106 | C25: 4.7 | D25: 32.4 | E25: B 기초심리상담 | F25: 상담과정·목표·종결 | G25: 메인 | H25: 내담자에 대한 심리평가를 위해 사용되는 행동평가 방법 4가지를 제시하시오. | I25: 행동적 면접 · 행동관찰 · 질문지·평정척도 · 기능분석 · 자기관찰 | J25: ① *행동적 면접*: 문제행동의 선행·상황·결과(기능)를 파악한다. ② *행동관찰*: 자연·통제 상황에서 행동을 직접 관찰한다. ③ *질문지·평정척도*: 구조화된 척도로 행동·정서특성을 평가한다. ④ *기능분석*: 행동 전후 사건을 체계 분석해 원인·기능을 검증한다. (추가) *자기관찰*: 내담자가 스스로 행동을 기록·점검한다. | K25: 6 | L25: 5 | M25: 2008 2011 2019-3회 2023-2회 2025-3회
A26: 25 | B26: Q70 | C26: 4.55 | D26: 33.3 | E26: A 기초심리평가 | F26: MMPI·다면적 인성검사 | G26: 메인 | H26: MMPI-2 척도에서 6-8/8-6유형의 일반적인 특성 5가지와 가능성 있는 장애 진단명 2가지를 쓰시오. | I26: 낮은 자존감·열등감 · 적대감·의심 · 현실검증력 저하 · 정서 둔마·부적절 · 정신증 증상 · 조현병 · 분열성·편집성 성격장애 | J26: [특성 5] ① *낮은 자존감·열등감·죄책감*. ② *적대감·의심, 불안정한 대인관계*. ③ *현실검증력 저하*로 자폐적·분열적 사고. ④ *정서 둔마·부적절한 정동, 우울*. ⑤ *피해·과대망상·환청 등 정신증 증상*. [진단 2] *조현병(편집형 포함)* / *조현성(분열성)·편집성 성격장애*. | L26: 5 | M26: 2007 2010 2016-2회 2022-3회 2025-2회
A27: 26 | B27: Q133 | C27: 4.55 | D27: 34.1 | E27: B 기초심리상담 | F27: 상담윤리 | G27: 메인 | H27: 심리치료자가 내담자의 비밀을 보장할 수 없는 경우를 5가지 쓰시오. | I27: 자·타해 위험 · 감염성 질병 · 미성년 학대 피해 · 아동학대 가해 · 법적 공개 요구 | J27: ① *자·타해 위험*: 자신·타인의 생명·안전을 위협하는 경우. ② *감염성 질병*: 전염성 질병 보유가 확실한 경우. ③ *미성년자 학대 피해*: 미성년 내담자가 학대받는 경우. ④ *아동학대 가해*: 내담자가 아동학대를 가하는 경우. ⑤ *법적 공개 요구*: 법적으로 정보공개가 요구되는 경우. | L27: 5 | M27: 2011 2016 2020-3회 2024-1회 2025-2회
A28: 27 | B28: Q227 | C28: 4.55 | D28: 34.9 | E28: C 심리치료 | F28: 인지·인지행동치료 | G28: 메인 | H28: 엘리스(Ellis)가 제시한 비합리적인 신념을 5가지 쓰시오. | I28: 인정 요구 · 완벽·유능 요구 · 파국화 · 회피 신념 · 외부통제 신념 | J28: ※ 아래 중 5가지를 기술. ① *인정 요구*: 모든 중요한 사람에게 늘 사랑·인정받아야 한다. ② *완벽·유능 요구*: 모든 면에서 반드시 유능·성취해야 한다. ③ *파국화*: 바라는 대로 안 되면 끔찍한 파멸이라 여긴다. ④ *회피 신념*: 어려움에 직면하기보다 회피가 쉽다고 믿는다. ⑤ *외부통제 신념*: 불행은 외부 탓이며 스스로 통제 못한다고 본다. | K28: 5 | L28: 5 | M28: 2012 2014 2018-3회 2021-3회 2025-2회
A29: 28 | B29: Q88 | C29: 4.42 | D29: 35.7 | E29: A 기초심리평가 | F29: 투사검사(로샤·TAT·HTP) | G29: 메인 | H29: 로샤검사 엑스너 종합체계방식의 주요 채점 항목을 5가지 기술하시오. | I29: 반응영역(위치) · 결정인 · 형태질 · 반응내용 · 평범반응(P) | J29: ① *반응영역(위치)*: 반점의 어느 부분을 보았는가(W·D·Dd·S). ② *결정인*: 무엇 때문에 그렇게 보았는가(형태·운동·색채·음영). ③ *형태질*: 반응이 반점 형태에 부합하는 정도. ④ *반응내용*: 무엇으로 보았는가(인간·동물 등). ⑤ *평범반응(P)*: 흔히 나타나는 전형적 반응 여부. | K29: 5 | L29: 5 | M29: 2015 2020-1회 2023-1회 2024-1회 2025-1회
A30: 29 | B30: Q189 | C30: 4.04 | D30: 36.5 | E30: C 심리치료 | F30: 정신역동·인간중심·이론 | G30: 메인 | H30: 정신역동적 치료의 특징을 5가지 쓰시오. | I30: 정서 표현 초점 · 과거경험 영향 · 반복되는 대인관계 양상 · 치료관계 중시 · 무의식 갈등 통찰 · 성격구조 변화 | J30: ① *정서·감정 표현에 초점*을 둔다. ② *과거 경험이 현재에 미치는 영향*을 강조한다. ③ *반복되는 대인관계 양상*에 주목한다. ④ *치료적 관계*를 변화의 핵심으로 본다. ⑤ *무의식적 동기·갈등의 통찰*을 돕는다. (추가) 증상보다 *성격구조의 변화*를 중시한다. | K30: 5 | L30: 3 | M30: 2020-2회 2025-1회 2026-1회 | N30: ★
A31: 30 | B31: Q74 | C31: 4.04 | D31: 37.2 | E31: A 기초심리평가 | F31: MMPI·다면적 인성검사 | G31: 메인 | H31: MMPI-2의 성격병리 5요인 척도(PSY-5 척도)를 쓰시오. | I31: 공격성(AGGR) · 정신증(PSYC) · 통제결여(DISC) · 부정적 정서성/신경증(NEGE) · 내향성/낮은 긍정정서(INTR) | J31: ① *공격성(AGGR)* ② *정신증(PSYC)* ③ *통제결여(DISC)* ④ *부정적 정서성/신경증(NEGE)* ⑤ *내향성/낮은 긍정적 정서성(INTR)* | K31: 5 | L31: 3 | M31: 2018-3회 2021-3회 2026-1회 | N31: ★
A32: 31 | B32: Q168 | C32: 4.04 | D32: 38 | E32: B 기초심리상담 | F32: 상담관계·면접기법 | G32: 메인 | H32: 다음 보기의 사례를 읽고 물음에 답하시오. | I32: 명료화 · 직면 | J32: (1) *명료화*: “꿈이지만 아버지를 잘못 쏘았다는 상황에서 강한 죄책감을 느꼈다는 의미인가요?” — 모호한 감정을 구체화한다. (2) *직면*: “평소 권위적이라 느낀 아버지에 대한 미움이 이 꿈에 반영된 건 아닐까요?” — 회피된 감정을 직시하게 한다. | L32: 3 | M32: 2017-2회 2020-1회 2026-1회 | N32: ★
A33: 32 | B33: Q19 | C33: 3.76 | D33: 38.6 | E33: B 기초심리상담 | F33: 상담과정·목표·종결 | G33: 메인 | H33: (임상적) 접수 면접에서 반드시 확인되어야 할 내용 5가지를 쓰시오. | I33: 인적사항 · 호소문제 · 현재 기능상태 · 스트레스 원인 · 사회·심리적 자원 · 개인사·가족관계 | J33: ① *인적사항(기본 정보)*. ② *호소 문제*. ③ *현재·최근의 기능 상태*. ④ *스트레스의 원인*. ⑤ *사회적·심리적 지원 자원*. (추가) 호소 관련 *개인사·가족관계*, *외모·행동*. | K33: 5 | L33: 4 | M33: 2016-2회 2020-2회 2024-1회 2025-3회
A34: 33 | B34: Q139 | C34: 3.76 | D34: 39.3 | E34: C 심리치료 | F34: 정신역동·인간중심·이론 | G34: 메인 | H34: 실존치료에서는 정상적 불안과 신경증적 불안을 구분하고 있다. 그 중 정상적 불안의 특징을 3가지 쓰시오. | I34: 상황에 부합 · 억압 불필요 · 창조적 활용 가능 | J34: ① *상황에 부합되는* 불안이다. ② *억압을 요구하지 않는* 불안이다. ③ *창조적으로 활용 가능한* 불안이다. (↔ 신경증적 불안: 상황에 부적합·억압됨·파괴적) | K34: 5 | L34: 4 | M34: 2016-2회 2019-1회 2024-2회 2025-3회
A35: 34 | B35: Q148 | C35: 3.76 | D35: 40 | E35: B 기초심리상담 | F35: 상담과정·목표·종결 | G35: 메인 | H35: 단기상담에 적합한 내담자의 특성 5가지를 기술하시오. | I35: 구체적 호소문제 · 이전 기능 양호 · 사회적 지지자원 · 심각한 병리 없음 · 문제 인식 명확 · 발달적·일시적 문제 | J35: ① *호소문제가 구체적*이다. ② 문제 이전 *생활기능이 양호*했다. ③ *사회적 지지자원*이 있다. ④ *성격장애 등 심각한 병리가 없다*. ⑤ *자기 문제를 비교적 명확히 인식*한다. (추가) 발달·일시적 사건과 관련된 문제. | K35: 4 | L35: 4 | M35: 2015 2018-1회 2023-2회 2025-3회
A36: 35 | B36: Q215 | C36: 3.76 | D36: 40.7 | E36: C 심리치료 | F36: 행동치료 | G36: 메인 | H36: 체계적 둔감법(Systematic Desensitization)의 원리 및 시행순서를 쓰고 설명하시오. | I36: 상호억제(역조건형성) · 이완훈련 · 불안위계 작성 · 점진적 둔감화(노출) | J36: (원리) 고전적 조건형성의 *상호억제(역조건형성)* 원리로, 불안과 양립할 수 없는 *이완 반응*으로 불안을 억제한다. (순서) ① *이완훈련* → ② *불안 위계목록 작성* → ③ *위계에 따른 점진적 둔감화(노출)*. | L36: 4 | M36: 2015 2018-1회 2019-3회 2025-3회
A37: 36 | B37: Q245 | C37: 3.76 | D37: 41.4 | E37: D 자문·교육·심리재활 | F37: 정신재활 | G37: 메인 | H37: 만성 정신과 환자가 있는 가족이 환자의 치료와 재활과정을 돕는 방법 5가지와 피해야할 태도 5가지 를 쓰시오. | I37: 치료지속 지지 · 약물복용 격려 · 권익 대변 · 차분한 분위기 · 현실적 기대 · 과잉개입 · 비판·잔소리(높은 표출정서) · 따돌림 · 호전 당연시 · 조기 호전 기대 | J37: [돕는 방법 5] ① *치료·재활 지속 지지*. ② *약물 복용 격려(재발 방지)*. ③ *환자 입장 대변(권익옹호)*. ④ *차분·인내하는 분위기 유지*. ⑤ *기대치를 현실적 수준으로 조정*. [피해야 할 태도 5] ① *과잉개입·과보호*. ② *잔소리·비판적 어투(높은 표출정서 EE)*. ③ *따돌림·고립*. ④ *작은 호전을 당연시*. ⑤ *조기 호전을 기대*. | L37: 4 | M37: 2005 2014 2020-1회 2025-3회
A38: 37 | B38: Q108 | C38: 3.64 | D38: 42.1 | E38: A 기초심리평가 | F38: 기타 성격·진로검사 | G38: 메인 | H38: 사회성숙도 검사에서 아동발달의 측정영역 6가지를 기술하시오. | I38: 자조 · 이동 · 작업 · 의사소통 · 자기관리 · 사회화 | J38: ① *자조영역* ② *이동영역* ③ *작업영역* ④ *의사소통영역* ⑤ *자기관리영역* ⑥ *사회화영역* (사회성숙도검사 SMS의 6개 측정영역) | L38: 4 | M38: 2015 2022-3회 2024-1회 2025-2회
A39: 38 | B39: Q121 | C39: 3.62 | D39: 42.7 | E39: B 기초심리상담 | F39: 상담관계·면접기법 | G39: 메인 | H39: 내담자의 반응을 해석할 때의 주의사항 5가지를 제시하시오. | I39: 수용 준비 시 사용 · 근거 없으면 자제 · 반영→명료화→직면→해석 순서 · 즉각·충고적 해석 회피 · 가설 형태 제시 | J39: ① *수용 준비가 됐을 때* 조심스럽게 사용한다. ② *성격 파악·실증 근거가 없으면* 해석을 삼간다. ③ *초기 반영 → 중기 명료화·직면 → 후기 해석* 순서를 지킨다. ④ *즉각적·충고적 해석은 피한다*. ⑤ *단정 대신 가능성·가설 형태*로 제시해 스스로 깨닫게 한다. | K39: 5 | L39: 7 | M39: 2006 2008 2011 2015 2018-3회 2020-3회 2021-3회
A40: 39 | B40: Q67 | C40: 3.54 | D40: 43.4 | E40: A 기초심리평가 | F40: MMPI·다면적 인성검사 | G40: 메인 | H40: 타당도 척도 L, K 30 이하/ F 70 이상일 때 유형 2가지를 쓰시오. | I40: 곤란 인정·해결능력 결여 · 증상 과장·위장(부정왜곡) | J40: ① *곤란 인정·해결능력 결여*: 정서·신체적 곤란은 인정하나 스스로 해결할 자신·능력이 없다. ② *증상 과장·위장*: 도움을 얻으려 증상을 과장하거나 장애가 있는 듯 위장한다(부정왜곡/‘fake-bad’). | L40: 4 | M40: 2015-1회 2019-3회 2020-1회 2025-1회
A41: 40 | B41: Q173 | C41: 3.54 | D41: 44 | E41: A 기초심리평가 | F41: 진단·이상심리 | G41: 메인 | H41: 정신장애의 취약성-스트레스 모델에 대해 설명하시오. | I41: 취약성(소인) · 스트레스 · 상호작용 | J41: 주요 정신장애에 대한 *취약성(선천·후천적 소인)*을 지닌 사람에게 *환경적 스트레스*가 가해질 때 장애가 발현된다는 모델로, *소인과 스트레스의 상호작용*에 초점을 둔다. | K41: 5 | L41: 4 | M41: 2016-2회 2017-2회 2019-1회 2025-1회
A42: 41 | B42: Q241 | C42: 3.54 | D42: 44.7 | E42: D 자문·교육·심리재활 | F42: 정신재활 | G42: 메인 | H42: 재활치료의 주요 개념으로서 병리, 손상, 장애, 핸디캡을 각각 설명하시오. | I42: 병리(의학적 치료) · 손상(기능회복 훈련) · 장애(기능적 재활) · 핸디캡(사회적 재활) | J42: ① *병리*: 질병·원인으로 생화학·해부학적 이상이 있는 상태 → *약물·수술 등 의학적 치료*. ② *손상*: 병리로 신체·심리 기능·구조에 이상·손실이 생긴 상태 → *기능 회복 치료·훈련*. ③ *장애*: 손상으로 정상 활동·행동 수행이 제한된 상태 → *일상생활 기능훈련·기술습득 등 기능적 재활*. ④ *핸디캡*: 손상·장애로 사회적 역할이 제한돼 불이익을 겪는 상태 → *환경조정·직업재활·자원연계 등 사회적 재활*. | K42: 5 | L42: 4 | M42: 2015 2019-3회 2024-1회 2025-1회
A43: 42 | B43: Q161 | C43: 3.38 | D43: 45.3 | E43: D 자문·교육·심리재활 | F43: 건강심리·중독·스트레스 | G43: 메인 | H43: 최근 인터넷 중독이 사회적인 관심으로 대두되고 있다. 인터넷 중독이 의심되는 내담자로 하여금 인 터넷 중독에서 벗어날 수 있도록 일반적으로 추천하는 방법을 5가지만 쓰시오. | I43: 반대로 실행하기 · 외적 중지자 활용 · 사용시간 목표 설정 · 특정 프로그램 금지 · 득·실 카드 · 대체활동 계획 | J43: ※ 아래 중 5가지를 기술. ① *반대로 실행하기*: 인터넷을 우선하지 말고 다른 과제를 먼저 한다. ② *외적 중지자 활용*: 일정·약속 등 외부 통제로 사용을 제한한다. ③ *사용시간 목표 설정*: 사용 시간을 구체적으로 계획한다. ④ *특정 프로그램 사용 금지*: 문제를 유발하는 프로그램을 차단한다. ⑤ *득·실 카드 활용*: 절제의 이점과 과용의 손해를 상기한다. ⑥ *대체활동 계획*: 인터넷 외 취미·활동으로 관심을 분산한다. | L43: 6 | M43: 2003 2006 2010 2017-2회 2020-2회 2022-3회
A44: 43 | B44: Q154 | C44: 3.32 | D44: 45.9 | E44: A 기초심리평가 | F44: 진단·이상심리 | G44: 메인 | H44: 다음 보기의 사례를 읽고 물음에 답하시오. | I44: 우울기분 · 흥미상실 · 수면문제 · 피로·활력상실 · 자살의도 · 자살방법 · 자살준비 · 보호자 통지 · 지속 관찰 · 위험물 차단·전문가 의뢰 | J44: (1) 주요우울증상 4 — ① 거의 매일 *우울 기분*. ② *흥미·즐거움의 현저한 감소*. ③ *불면/과다수면*. ④ *피로·활력 상실*. (2) 자살위험 평가 3 — ① *자살 의도* ② *자살 방법(구체성)* ③ *자살 준비 정도*. (3) 고위험 대처 3 — ① *가족·보호자에게 즉시 알림*. ② *혼자 두지 않고 지속 관찰*. ③ *위험 물건·상황 차단 후 전문가에 즉시 의뢰*. | L44: 6 | M44: 2004 2009 2013 2016-2회 2018-1회 2022-1회
A45: 44 | B45: Q142 | C45: 3.15 | D45: 46.5 | E45: A 기초심리평가 | F45: 심리평가 총론·면접·행동관찰 | G45: 메인 | H45: 내담자가 상담을 끝낼 준비가 되었는지를 판단할 수 있는 방법 4가지를 쓰시오. | I45: 증상 감소 · 유발 정서 완화 · 대처능력·자기이해 향상 · 대인적응 개선 · 전반적 기능 향상 | J45: ※ 아래 중 4가지를 기술. ① *증상·문제 심각도 감소*: 초기 증상이 줄거나 사라졌는지 본다. ② *유발 정서의 완화*: 상담 원인이 된 스트레스 정서가 완화됐는지 확인한다. ③ *대처능력·자기·타인 이해 향상*을 점검한다. ④ *대인관계 적응·전반적 기능 향상*을 평가한다. (추가) 미래에 대한 긍정적 관점, 생활계획 능력. | K45: 6 | L45: 5 | M45: 2016-1회 2020-2회 2021-1회 2023-1회 2023-3회
A46: 45 | B46: Q216 | C46: 3.15 | D46: 47 | E46: C 심리치료 | F46: 행동치료 | G46: 메인 | H46: 공포증 환자를 대상으로 체계적 둔감법을 실시하고자 한다. 체계적 둔감법의 3단계 과정을 순서대로 쓰고, 각 단계에 대해 간략히 설명하시오. | I46: 근육이완훈련 · 불안위계 작성 · 체계적 둔감화 | J46: ① *근육(긴장)이완훈련*: 불안과 양립할 수 없는 이완을 학습한다. ② *불안위계목록 작성*: 불안 유발 상황을 낮은→높은 순으로 배열한다. ③ *체계적 둔감화*: 이완 상태에서 위계에 따라 점진 노출해 불안을 감소시킨다. ※ 순서 암기: 이 → 불 → 계. | K46: 6 | L46: 5 | M46: 2009 2010 2021-1회 2023-2회 2023-3회
A47: 46 | B47: Q112 | C47: 3.11 | D47: 47.6 | E47: B 기초심리상담 | F47: 상담관계·면접기법 | G47: 메인 | H47: 내담자의 말을 경청하는 데 있어서 좋은 상담자가 되기 위한 구체적인 방법 5가지를 쓰시오. (생산적 인 경청을 하는 상담자의 태도, 효과적 경청을 위한 행동) | I47: 말할 시간 제공 · 충분한 주의 · 최소반응(끄덕임) · 적절한 질문 · 회피하지 않기 | J47: ① *말할 시간 제공*: 반응 전에 충분히 말하도록 기다린다. ② *충분한 주의 집중*: 내용·의미에 주의를 기울인다. ③ *최소반응 사용*: 끄덕임·“음/네” 등으로 경청을 알린다. ④ *적절한 질문*: 필요한 질문은 하고 불필요한 질문은 삼간다. ⑤ *회피하지 않기*: 주제를 바꾸며 호소를 회피하지 않는다. | L47: 5 | M47: 2006 2014 2020-1회 2020-2회 2023-2회
A48: 47 | B48: Q229 | C48: 3.11 | D48: 48.2 | E48: C 심리치료 | F48: 인지·인지행동치료 | G48: 메인 | H48: 소크라테스식 대화의 특징을 3가지 제시하고, 소크라테스식 대화의 구체적인 예를 2가지 쓰시오. | I48: 스스로 대안 탐색 유도 · 구체·진솔 진술 유도 · 비판단·교육적 태도로 신념 변화 · 논리·경험·실용적 논박 · 대안적 논박 | J48: (특징) ① *질문을 통해 내담자가 스스로 대안을 탐색*하게 한다. ② *구체적·진솔한 진술*을 유도한다. ③ *비판단적·교육적 태도*로 역기능적 신념의 변화를 이끈다. (예) ① *논리·경험·실용적 논박*: “그 생각이 사실이라는 근거는?”, “그 생각이 실제로 도움이 되나요?” ② *대안적 논박*: “다른 사람이라면 이 상황을 어떻게 볼까요?” | K48: 5 | L48: 5 | M48: 2014 2017-2회 2020-2회 2022-3회 2023-2회
A49: 48 | B49: Q128 | C49: 3.06 | D49: 48.7 | E49: B 기초심리상담 | F49: 상담윤리 | G49: 메인 | H49: 상담자가 상담시 내담자와의 관계에 대해 알고 있어야 할 윤리 문제에 대한 기본원칙을 쓰고, 행동지 침을 5가지 기술하시오. | I49: 내담자 권리·복지 우선 · 자기 가치관 자각 · 복지 책임·이용 금지 · 이중관계 금지 · 비밀보장+사전설명 · 능력·한계 인식·의뢰 | J49: (기본원칙) 상담자는 *내담자의 권리·가치를 존중*하고 어떤 경우에도 *내담자의 복지를 최우선*으로 한다. ① 자신의 *욕구·가치관이 상담에 미치는 영향을 자각*한다. ② *내담자 복지에 책임*을 지고 자기 욕구 충족에 이용하지 않는다. ③ *금전·성적 등 이중관계를 맺지 않는다*. ④ *비밀보장*하되 상담에 영향 줄 사항은 사전에 설명한다. ⑤ *자기 능력·한계를 인식*하고 필요 시 자문·의뢰한다. | K49: 7 | L49: 6 | M49: 2006 2012 2017 2020-2회 2020-3회 2021-1회
A50: 49 | B50: Q107 | C50: 2.94 | D50: 49.3 | E50: A 기초심리평가 | F50: MMPI·다면적 인성검사 | G50: 메인 | H50: 아동 평가에서 특정 문제영역이 아닌 전반적인 광범위한 문제영역에 대해 보호자의 보고를 토대로 평가할 수 있는 평정 척도가 있다. 그에 해당하는 평정 척도 2가지를 쓰시오. | I50: K-CBCL(아동·청소년 행동평가척도) · KPRC(아동인성평정척도) | J50: ① *K-CBCL(아동·청소년 행동평가척도)*: 보호자 보고로 정서·행동 문제를 광범위하게 평가한다. ② *KPRC(한국 아동인성평정척도)*: 보호자 보고로 아동의 전반적 정신건강·적응을 평가한다. | L50: 4 | M50: 2012 2017-2회 2020-1회 2024-3회
A51: 50 | B51: Q213 | C51: 2.94 | D51: 49.8 | E51: C 심리치료 | F51: 행동치료 | G51: 메인 | H51: 자기표현 훈련이 필요한 내담자의 특성을 5가지 쓰고, 자기표현 훈련을 통해 내담자가 인식해야 할 사항을 2가지 쓰시오. | I51: 타인시선 과의식·표현회피 · 부당함 지적 두려움 · 소극적 태도 · 비난 수용 · 과도한 사과·거절 못함 · 동등한 권리 인식 · 표현·자기결정 권리 인식 | J51: [필요 특성 5] ① *타인 시선 과의식·의견 표현 회피*. ② *부당한 요구·잘못 지적을 두려워함*. ③ *모임에서 소극적 태도*. ④ *비난에 반박 못하고 수용*. ⑤ *과도한 사과·변명, 거절 못함*. [인식할 사항 2] ① 자신도 *타인과 동등하게 존중받을 권리*가 있다. ② *자기 생각·감정을 표현하고 결정할 권리(자기결정권)*가 있다. | K51: 7.5 | L51: 4 | M51: 2010 2018-3회 2021-3회 2024-3회
A52: 51 | B52: Q86 | C52: 2.89 | D52: 50.3 | E52: A 기초심리평가 | F52: MMPI·다면적 인성검사 | G52: 메인 | H52: MMPI나 BDI 같은 자기 보고형 객관적 심리검사의 장점과 단점을 3가지씩 쓰시오. | I52: 실시 간편 · 높은 신뢰도·타당도 · 객관성 · 사회적 바람직성 · 반응 경향성 · 문항내용 제한성 | J52: [장점] ① *실시·채점의 간편성*. ② *높은 신뢰도·타당도*. ③ *객관성 증대*. [단점] ① *사회적 바람직성*(좋게 보이려는 응답). ② *반응 경향성*(묵종 등 일관된 편향). ③ *문항내용의 제한성*. | K52: 5 | L52: 4 | M52: 2009 2017-2회 2022-1회 2024-2회
A53: 52 | B53: Q100 | C53: 2.82 | D53: 50.8 | E53: A 기초심리평가 | F53: 투사검사(로샤·TAT·HTP) | G53: 메인 | H53: 심리검사 중 투사검사의 장⋅단점을 3개씩 기술하시오. | I53: 라포 용이 · 방어 어려움 · 무의식 표출 · 표준화 부족 · 객관성 부족 · 신뢰도·타당도 문제 | J53: [장점] ① *라포 형성 용이*. ② *방어 반응이 어려움*(의도 위장 곤란). ③ *무의식적 내용의 표출*. [단점] ① *표준화 절차 부족*. ② *채점·해석의 객관성 부족*. ③ *신뢰도·타당도의 문제(규준 부족)*. | K53: 6 | L53: 3 | M53: 2019-3회 2024-1회 2025-3회
A54: 53 | B54: Q132 | C54: 2.82 | D54: 51.4 | E54: D 자문·교육·심리재활 | F54: 자문·임상가 역할·수련 | G54: 메인 | H54: 내담자와의 관계에 있어서 치료자는 내담자와 다중관계를 피해야 한다. 여기서 다중 관계의 의미를 쓰고, 치료자로서 이를 다루는 방법을 설명하시오. | I54: 상담관계 외 금전·친분·성적 관계 동시 형성 · 경계 명확·전문관계 유지 · 내담자 이익 우선 · 자문 · 의뢰 | J54: (의미) *다중(이중)관계*는 상담관계 외에 *금전·거래·친분·성적 관계 등을 동시에 맺는 것*이다. (다루는 방법) ① *관계 경계를 명확히* 해 전문적 관계를 유지한다. ② 발생 시 *내담자의 이익을 우선*한다. ③ 우려되면 *수련감독·전문가 자문*을 구한다. ④ 해결이 어려우면 *의뢰*한다. (이유) 상담자의 *공정성·객관성을 해치고 내담자에게 해*를 줄 수 있다. | L54: 3 | M54: 2018-1회 2021-1회 2025-3회
A55: 54 | B55: Q184 | C55: 2.82 | D55: 51.9 | E55: C 심리치료 | F55: 가족·아동치료 | G55: 메인 | H55: 성인을 대상으로 한 심리치료와 구분되는 아동심리치료의 특징을 5가지 기술하시오. | I55: 의뢰동기·동기형성 · 발달수준 고려 · 비언어적(놀이·미술) 활용 · 전인적 통합 접근 · 주변체계(부모·교사) 협조 | J55: ① *의뢰동기·상담동기 형성*이 중요하다(스스로 온 게 아님). ② *언어·인지 발달 수준을 고려*한다. ③ *놀이·미술 등 비언어적 방법*을 적극 활용한다. ④ 문제해결을 넘어 *전인적 발달의 통합적 접근*이 필요하다. ⑤ *부모·교사 등 주변 체계의 협조·참여*가 필수적이다. | K55: 5 | L55: 3 | M55: 2019-1회 2021-3회 2025-3회
A56: 55 | B56: Q225 | C56: 2.82 | D56: 52.4 | E56: C 심리치료 | F56: 인지·인지행동치료 | G56: 메인 | H56: 엘리스(Ellis)의 인지행동치료 ABCDE에 대해 쓰고 예를 들어 설명하시오. | I56: A 선행사건 · B 비합리적 신념 · C 결과 · D 논박 · E 효과 | J56: ① *A(선행사건)*: 부정적 감정을 유발한 사건. ② *B(비합리적 신념)*: 사건에 대한 내담자의 비합리적 신념. ③ *C(결과)*: 비합리적 신념이 낳은 부정적 정서·행동. ④ *D(논박)*: 비합리적 신념에 대한 논리적 반박. ⑤ *E(효과)*: 논박으로 얻는 합리적 신념·긍정적 정서. (예: A 시험 탈락 → B “난 무가치해” → C 우울 → D “탈락이 곧 무가치인가?” → E 자기수용) | L56: 3 | M56: 2014 2023-3회 2025-3회
A57: 56 | B57: Q115 | C57: 2.82 | D57: 52.9 | E57: B 기초심리상담 | F57: 상담과정·목표·종결 | G57: 메인 | H57: 다음은 상담 초기에 흔히 볼 수 있는 대화이다. 보기에서 내담자는 상담의 효과에 대한 의문과 회의 를 표명하였다. 이와 같은 경우 상담자는 어떻게 반응해야 하며, 그러한 반응의 근거는 무엇인지 설 명하시오. | I57: 공감적 수용·불안 반영 · 초기 관계형성·동기 강화 | J57: (반응) *공감·반영*: “상담을 받아도 나아지지 않을까 봐 걱정되고 불안하시군요. 초기엔 그런 의문이 자연스럽습니다.” (근거) 초기에는 *공감적 수용으로 불안을 낮추고 라포를 형성*해 *상담 동기를 높여야* 하기 때문이다. | L57: 5 | M57: 2003 2006 2016-1회 2020-1회 2022-3회
A58: 57 | B58: Q209 | C58: 2.82 | D58: 53.4 | E58: C 심리치료 | F58: 인지·인지행동치료 | G58: 메인 | H58: 다음 보기의 사례를 읽고 물음에 답하시오. | I58: 인지: 비합리적 신념 수정 · 정서: 선행사건·부정감정 다루기 · 행동: 새 행동 시도 | J58: ① *인지적 개입*: A군의 *비합리적·비생산적 신념을 합리적으로 수정*하도록 돕는다. ② *정서적 개입*: 압박하는 문제를 함께 논의하며 *부정적 감정을 유발하는 선행사건*에 주의를 기울인다. ③ *행동적 개입*: 비생산적 습관을 줄이고 *새로운 행동을 시도·경험*하도록 돕는다. | L58: 5 | M58: 2005 2007 2009 2012 2022-3회
A59: 58 | B59: Q6 | C59: 2.73 | D59: 53.9 | E59: B 기초심리상담 | F59: 상담관계·면접기법 | G59: 메인 | H59: 심리평가에 있어서 임상적 판단과 통계적 판단의 장점과 단점을 각각 2가지씩 기술하시오. | I59: 통계 장:객관·명확 기준,공식·신뢰도 · 통계 단:본질 반영 한계,특수성 미반영 · 임상 장:정보 종합,모델 없어도 가능 · 임상 단:신뢰성 낮음,주관 개입 | J59: [통계적 판단] 장점 ① *개념을 구체화해 객관·명확한 기준 제공*. ② *공식·절차로 신뢰도 높은 결정*. / 단점 ① *인간 본질을 충분히 반영 못함*. ② *개인의 특수성 미반영*. [임상적 판단] 장점 ① *다양한 자료·관찰을 종합적으로 판단*. ② *예측모델이 어려운 경우에도 추론 가능*. / 단점 ① *신뢰성이 낮을 수 있음*. ② *주관적 편견·편향 개입*. | K59: 4 | L59: 3 | M59: 2010 2020-3회 2025-2회
A60: 59 | B60: Q28 | C60: 2.73 | D60: 54.4 | E60: A 기초심리평가 | F60: 검사이론·해석·보고서 | G60: 메인 | H60: 심리평가 시 검사의 신뢰도를 평가하는 3가지 검사를 쓰고 설명하시오. | I60: 검사-재검사 · 동형검사 · 반분 · 내적 일관성 · 평가자 간 | J60: ※ 아래 중 3가지를 쓰고 설명. ① *검사-재검사 신뢰도*: 같은 검사를 시간 간격 두고 재실시해 일관성 확인. ② *동형검사 신뢰도*: 내용·난이도가 동등한 두 형태를 실시해 일관성 측정. ③ *반분 신뢰도*: 검사를 둘로 나눠 두 점수의 일관성 추정. (추가) *내적 일관성*, *평가자 간 신뢰도*. | K60: 4.5 | L60: 3 | M60: 2019-1회 2022-3회 2025-2회
A61: 60 | B61: Q51 | C61: 2.73 | D61: 54.9 | E61: A 기초심리평가 | F61: 지능검사 | G61: 메인 | H61: 웩슬러 지능검사에서 병전지능을 추정할 수 있는 소검사 3가지와 그 이유를 쓰시오. | I61: 어휘 · 상식(기본지식) · 토막짜기 · 변화에 안정적 | J61: ① 소검사: *어휘·상식(기본지식)·토막짜기*. ② 이유: 이 소검사들은 *병이나 상황 변화에 영향을 적게 받아 점수가 안정적*이어서 병전 지능 추정에 적합하다. | K61: 5.2 | L61: 3 | M61: 2019-1회 2019-3회 2025-2회
A62: 61 | B62: Q127 | C62: 2.73 | D62: 55.4 | E62: C 심리치료 | F62: 정신역동·인간중심·이론 | G62: 메인 | H62: 인간중심치료에서 로저스(Rogers)가 제시한 내담자의 긍정적인 성격변화를 위한 치료의 필요충분조건 5가지를 쓰시오. | I62: 심리적 접촉 · 내담자 불일치 · 치료자 일치성 · 무조건적 긍정적 존중 · 공감적 이해 · 내담자에게 전달 | J62: ① 두 사람의 *심리적 접촉*이 있다. ② *내담자의 불일치 상태*(취약·불안). ③ 치료자의 *일치성(진실성)*. ④ 치료자의 *무조건적 긍정적 존중*. ⑤ 치료자의 *공감적 이해*. ⑥ 공감·존중이 *내담자에게 전달*된다. | K62: 4 | L62: 3 | M62: 2018-1회 2021-1회 2025-2회
A63: 62 | B63: Q222 | C63: 2.73 | D63: 55.9 | E63: D 자문·교육·심리재활 | F63: 건강심리·중독·스트레스 | G63: 메인 | H63: 프로차스카(James O. Prochaska)의 행동변화 6단계 과정을 순서대로 쓰시오. | I63: 전숙고 · 숙고 · 준비 · 행동 · 유지 · 종결 | J63: ① *전(사전)숙고* → ② *숙고* → ③ *준비* → ④ *행동* → ⑤ *유지* → ⑥ *종결*. | K63: 6 | L63: 3 | M63: 2020-1회 2024-2회 2025-2회
A64: 63 | B64: Q256 | C64: 2.73 | D64: 56.4 | E64: B 기초심리상담 | F64: 집단상담 | G64: 메인 | H64: 오포드(Orford)가 제시한 자조 집단의 1차적 기능을 5가지 쓰시오. | I64: 정서적 지지 · 역할 모델 · 문제 이해 방법 · 정보 제공 · 사교적 관계 · 상호 도움 · 새 아이디어 | J64: ※ 아래 중 5가지를 기술. ① *정서적 지지* 제공. ② *문제 극복 역할모델* 제공. ③ *문제 이해 방법* 제공. ④ *적절한 정보* 제공. ⑤ *사교적 관계* 제공. (추가) 상호 도움 기회, 새 아이디어 제공. | K64: 5 | L64: 3 | M64: 2018-3회 2021-1회 2025-2회
A65: 64 | B65: Q223 | C65: 2.7 | D65: 56.9 | E65: D 자문·교육·심리재활 | F65: 건강심리·중독·스트레스 | G65: 메인 | H65: 프로차스카(James O. Prochaska) 행동 변화 단계 모델에서 숙고 전, 준비, 유지 단계의 의미를 쓰시 오. | I65: 전숙고(문제 인식·변화의지 없음) · 준비(구체 계획·실행 준비) · 유지(변화 지속·재발 방지) | J65: ① *전(사전)숙고단계*: 행동을 문제로 인식하지 못하고 변화 의지가 거의 없다. ② *준비단계*: 변화를 위한 구체적 계획을 세우고 실행을 준비한다. ③ *유지단계*: 변화된 행동을 지속하려 노력하며 재발 방지가 중요하다. | L65: 2 | M65: 2023-3회 2026-1회 | N65: ★
A66: 65 | B66: Q38 | C66: 2.7 | D66: 57.4 | E66: A 기초심리평가 | F66: 지능검사 | G66: 메인 | H66: K-WAIS-IV의 4가지 주요 지수를 쓰고, 각각에 대해 설명하시오. | I66: 언어이해(VCI) · 지각추론(PRI) · 작업기억(WMI) · 처리속도(PSI) | J66: ① *언어이해지수(VCI)*: 언어적 이해·개념화, 결정성 지식을 반영. ② *지각추론지수(PRI)*: 시각자극 기반 비언어 추론·시공간 문제해결. ③ *작업기억지수(WMI)*: 주의집중 하에 정보를 저장·조작하는 능력. ④ *처리속도지수(PSI)*: 시각정보를 빠르고 정확히 처리하는 정신운동 속도. | K66: 5 | L66: 2 | M66: 2016-1회 2026-1회 | N66: ★
A67: 66 | B67: Q33 | C67: 2.7 | D67: 57.9 | E67: A 기초심리평가 | F67: 검사이론·해석·보고서 | G67: 메인 | H67: 타당도의 개념 및 종류에 대해 설명하시오. | I67: 측정하려는 것을 정확히 재는 정도 · 내용타당도 · 준거타당도 · 구성타당도 · 안면타당도 | J67: (개념) *타당도*는 검사가 *측정하려는 바를 얼마나 정확히 측정하는가*의 정도이다. ① *내용타당도*: 문항이 측정영역을 잘 대표하는지 전문가가 평가. ② *준거타당도*: 외적 준거와의 관련성(예언·동시타당도). ③ *구성타당도*: 이론적 구성개념을 잘 측정하는 정도(수렴·변별, 요인분석). ④ *안면타당도*: 일반인이 보기에 타당해 보이는 정도. | L67: 2 | M67: 2004 2026-1회 | N67: ★
A68: 67 | B68: Q10 | C68: 2.65 | D68: 58.4 | E68: A 기초심리평가 | F68: 심리평가 총론·면접·행동관찰 | G68: 메인 | H68: 심리평가에 있어서 전통적 모델과 치료적 모델의 차이를 설명하시오. 단, 각 모델의 목표와 평가자의 역할에 대해서만 기술하시오. | I68: 전통:객관적 측정·분류·진단 · 전통:평가자=중립 관찰자 · 치료:내담자 자기이해·문제해결 조력 · 치료:평가자=참여자·능동 | J68: [전통적 모델] 목표: *내담자 문제를 객관적으로 측정·분류·진단*해 의사결정을 지원한다. 평가자 역할: *중립적 관찰자*로서 결과를 수집·보고하는 제한적 역할. [치료적 모델] 목표: 평가 과정을 통해 *내담자가 자기·문제를 새롭게 이해해 스스로 해결*하도록 조력한다. 평가자 역할: *관찰자이자 참여자*로 상담·평가를 병행하는 능동적 전문가. | L68: 3 | M68: 2007 2022-1회 2025-1회
A69: 68 | B69: Q43 | C69: 2.65 | D69: 58.9 | E69: A 기초심리평가 | F69: 지능검사 | G69: 메인 | H69: K-WISC-IV의 지표 4가지와 지표별 소검사 1가지씩 쓰시오. | I69: 언어이해-공통성 · 지각추론-토막짜기 · 작업기억-숫자 · 처리속도-기호쓰기 | J69: ① *언어이해(VCI)*: 공통성(또는 어휘·이해). ② *지각추론(PRI)*: 토막짜기(또는 행렬추리·공통그림찾기). ③ *작업기억(WMI)*: 숫자(또는 순차연결). ④ *처리속도(PSI)*: 기호쓰기(또는 동형찾기). | L69: 3 | M69: 2023-2회 2024-1회 2025-1회
A70: 69 | B70: Q96 | C70: 2.65 | D70: 59.4 | E70: A 기초심리평가 | F70: 투사검사(로샤·TAT·HTP) | G70: 메인 | H70: 투사적 그림검사인 집-나무-사람 그림검사(HTP)에서 그림의 크기와 위치가 나타내는 의미를 2가지씩 제시하시오. | I70: 큰 그림=공격·자기확대 · 작은 그림=열등·위축 · 높은 위치=포부·이상 · 낮은 위치=불안정·우울 | J70: [크기] *큰 그림*: 공격성·행동화, 자기확대 욕구(과장). *작은 그림*: 열등·위축, 낮은 자존감·의존. [위치] *높은 위치*: 높은 포부·이상 지향(현실 갈등). *낮은 위치*: 불안정·부적절감, 우울 경향. | L70: 3 | M70: 2007 2020-3회 2025-1회
A71: 70 | B71: Q143 | C71: 2.65 | D71: 59.8 | E71: B 기초심리상담 | F71: 상담과정·목표·종결 | G71: 메인 | H71: 바람직한 상담 종결을 위해 상담 관계를 마무리하면서 해야 할 일 3가지를 쓰시오. /청소년 상담을 포함하여 일반적인 상담의 종결 과정에서 다루어야 할 사항을 6가지 기술하시오. | I71: 성과 점검·평가 · 이별 감정 다루기 · 변화 유지·강화 · 의존성 감소 · 재발 대처 · 추수상담 안내 | J71: ① *상담 성과·과정 점검·평가*. ② *종결에 따른 이별 감정 다루기*. ③ *변화 요인 탐색·유지·강화*. ④ *상담자 의존성 점검·감소*. ⑤ *재발 가능성 논의·대처방안 마련*. ⑥ *추수(추후)상담 안내*. | L71: 3 | M71: 2013 2017-1회 2025-1회
A72: 71 | B72: Q204 | C72: 2.52 | D72: 60.3 | E72: C 심리치료 | F72: 행동치료 | G72: 메인 | H72: 강박 장애의 심리적 치료방법으로서 노출 및 반응 방지법의 효과 3가지를 쓰시오. | I72: 둔감화 · 학습효과(결과 안 일어남) · 습관화(불안 감소) | J72: ① *둔감화 효과*: 두려운 자극·사고를 강박행동 없이 견뎌낸다. ② *학습 효과*: 강박행동을 안 해도 두려운 결과가 일어나지 않음을 학습한다. ③ *습관화*: 반복 노출로 불안·불쾌감이 견딜 만큼 점차 감소한다. | K72: 6 | L72: 4 | M72: 2011 2016-2회 2019-3회 2023-3회
A73: 72 | B73: Q205 | C73: 2.52 | D73: 60.8 | E73: C 심리치료 | F73: 행동치료 | G73: 메인 | H73: 강박 장애의 심리적 치료방법으로서 노출 및 반응 방지법(ERP)의 원리 및 시행순서를 기술하시오. | I73: 반복 노출+반응방지로 불안 감소 · 노출 · 반응방지 | J73: (원리) *강박 자극에 반복 노출*하고 *강박행동을 못 하게(반응방지)* 하여 불안을 감소시킨다. (순서) ① *노출*: 강박사고를 유발하는 자극에 충분히 직면. ② *반응방지*: 불안을 줄이려는 강박행동을 하지 못하게 한다. | K73: 6 | L73: 4 | M73: 2011 2016-2회 2019-3회 2023-3회
A74: 73 | B74: Q131 | C74: 2.49 | D74: 61.2 | E74: B 기초심리상담 | F74: 상담윤리 | G74: 메인 | H74: 심리상담자가 준수해야 할 윤리적인 의무 중 ‘이중 관계 지양’에 대해 설명하시오. | I74: 상담관계 외 다른 관계 금지 · 객관성·공정성 유지 · 내담자 보호 | J74: ① *이중관계 지양*은 상담관계 외에 *금전·친밀·성적 관계 등을 동시에 맺지 않는* 윤리적 의무이다. ② 이는 *상담자의 객관성·공정성을 유지*하고 *내담자에게 해가 발생하는 것을 예방*하기 위함이다. | K74: 4 | L74: 4 | M74: 2010 2016-2회 2022-1회 2023-2회
A75: 74 | B75: Q31 | C75: 2.46 | D75: 61.7 | E75: A 기초심리평가 | F75: 심리평가 총론·면접·행동관찰 | G75: 메인 | H75: 아동 및 청소년을 대상으로 한 상담에서는 발달적 측면에 대한 고려가 이루어져야 한다. 피아제 (Piaget)의 인지발달 이론에 의한 발달단계에서 전조작기, 구체적 조작기, 형식적 조작기에 해당하는 아동 및 청소년을 위한 상담의 특성 및 주의사항을 발달 단계별로 쓰시오. | I75: 전조작기:놀이·상징 · 구체적조작기:역할연기·체험 · 형식적조작기:정서 취약성 민감 반응 | J75: ① *전조작기(2~7세)*: 언어만으론 한계 → *오감·놀이·상징놀이*를 활용한다. ② *구체적 조작기(7~12세)*: 가설·연역 사고가 미숙 → *역할연기·미술·독서치료 등 체험*을 활용한다. ③ *형식적 조작기(12세~)*: *청소년기 정서적 취약성*을 이해하고 민감하게 반응한다. | K75: 6 | L75: 4 | M75: 2003 2013 2019-3회 2023-1회
A76: 75 | B76: Q47 | C76: 2.46 | D76: 62.1 | E76: A 기초심리평가 | F76: 지능검사 | G76: 메인 | H76: 웩슬러 지능검사의 양적 분석에 포함되어야 할 내용 3가지를 쓰시오. | I76: 현재지능 · 병전지능 · 언어성-동작성 비교 · 소검사 분산 · 강·약점 분석 | J76: ① *현재지능 파악*. ② *병전지능 추정*. ③ *언어성·동작성(또는 지표 간) 비교*. (추가) 소검사 간 점수 분산, 지표 간 강·약점 분석. | K76: 5.2 | L76: 4 | M76: 2011 2013 2018-3회 2023-1회
A77: 76 | B77: Q125 | C77: 2.46 | D77: 62.6 | E77: C 심리치료 | F77: 정신역동·인간중심·이론 | G77: 메인 | H77: 정신분석적 상담 과정에서 나타나는 전이, 역전이에 대해 설명하시오. | I77: 전이:과거 중요인물 관계를 상담자에게 표출 · 역전이:상담자의 정서반응·투사 | J77: ① *전이*: 내담자가 *과거 중요한 인물에게 가졌던 감정·관계를 상담자에게 표출*하는 것. ② *역전이*: 내담자에 대한 *상담자의 개인적·무의식적 정서 반응(투사)*. | K77: 4 | L77: 4 | M77: 2008 2015 2019-3회 2023-1회
A78: 77 | B78: Q9 | C78: 2.42 | D78: 63 | E78: A 기초심리평가 | F78: 심리평가 총론·면접·행동관찰 | G78: 메인 | H78: 심리평가자의 과학자적 자질과 예술가적 자질에 대해 쓰시오. | I78: 과학자:객관·체계적 가설검증 · 예술가:유연한 통합·개별 맥락 통찰 | J78: ① *과학자적 자질*: 객관·타당한 방법으로 자료를 수집·분석하고 *가설 검증으로 논리적·체계적 해석*을 한다. ② *예술가적 자질*: 임상경험·통찰로 결과를 *유연하게 통합*하고 *개별 특성·맥락을 고려한 의미 있는 판단*을 한다. | L78: 5 | M78: 2007 2011 2013 2014 2020-3회
A79: 78 | B79: Q22 | C79: 2.29 | D79: 63.4 | E79: A 기초심리평가 | F79: 검사이론·해석·보고서 | G79: 메인 | H79: 임상 면접의 서면보고서에 포함되어야 할 사항 5가지를 쓰시오. | I79: 신상정보 · 주호소 · 현·과거 병력 · 개인력·가족력 · 정신상태검사·권고 | J79: ① *신상정보*. ② *주호소 문제*. ③ *현 병력·과거 병력*. ④ *개인력·가족력*(+병전 성격). ⑤ *정신상태검사·권고사항*. | K79: 5 | L79: 5 | M79: 2003 2006 2008 2010 2019-3회
A80: 79 | B80: Q30 | C80: 2.25 | D80: 63.8 | E80: A 기초심리평가 | F80: 검사이론·해석·보고서 | G80: 메인 | H80: 다음 보기의 사례를 읽고 연구 절차상의 문제점 및 대안 4가지를 제시하시오. | I80: 표본 대표성 · 통제집단 결여 · 조사 반응성 · 검증도구 결여 | J80: ① *표본 대표성 부족*: 소수·무기준 선정 → *구체적 기준으로 대표성 있는 표본 선정*. ② *통제집단 결여*: 인과추론 불가 → *실험·통제집단으로 나눠 비교*. ③ *조사 반응성*: 관찰 인식으로 반응 왜곡 → *목적·방법을 모르게(맹검) 실시*. ④ *검증도구 결여*: 자기보고 평정만으론 부족 → *표준화된 검사로 효과 검증*. | L80: 4 | M80: 2011 2013 2020-2회 2022-3회
A81: 80 | B81: Q130 | C81: 2.25 | D81: 64.3 | E81: D 자문·교육·심리재활 | F81: 자문·임상가 역할·수련 | G81: 메인 | H81: 임상심리사의 윤리원칙으로서 유능성의 의미를 설명하고, 이를 위반하는 이유를 3가지 쓰시오. | I81: 강점·한계 자각 · 지속 교육·수련으로 전문성 유지 · 개인 심리문제 · 소진·과부하 · 무자격 영역 시도 · 교만 | J81: (의미) *유능성*은 자신의 *전문적 강점·한계를 자각*하고 *지속적 교육·수련으로 전문성을 유지·향상*해야 한다는 원칙이다. [위반 이유] ① *개인적 심리문제*로 전문적 기능 수행이 어려운 경우. ② *소진·과도한 업무 부담*으로 판단이 어려운 경우. ③ *충분한 수련 없이 특정 내담자군을 다룰 수 있다고 판단*하는 경우(또는 교만). | K81: 5 | L81: 4 | M81: 2011 2016 2019-3회 2022-3회
A82: 81 | B82: Q230 | C82: 2.25 | D82: 64.7 | E82: C 심리치료 | F82: 인지·인지행동치료 | G82: 메인 | H82: 인지치료에서는 내담자의 자동적 사고를 수정하기 위해 소크라테스식 질문법을 사용한다. 소크라테스 식 질문법을 사용할 때의 유의사항을 6가지 기술하시오. | I82: 변화 가능성 보여주기 · 구체적 결과 · 학습 참여 유도 · 인지·집중 고려 · 도움되는 수준 · 정해진 결론 유도 금지 | J82: ① *변화 가능성을 보여주는* 질문을 한다. ② *구체적 결과를 얻을 수 있는* 질문을 한다. ③ *내담자의 학습 참여를 유도*하는 질문을 한다. ④ *인지기능·주의집중력을 고려*해 질문한다. ⑤ *도움이 되는 수준*의 질문을 한다. ⑥ *정해진 결론으로 유도하는 질문은 삼간다*. | K82: 6 | L82: 4 | M82: 2013 2016-1회 2019-1회 2022-3회
A83: 82 | B83: Q234 | C83: 2.21 | D83: 65.1 | E83: C 심리치료 | F83: 인지·인지행동치료 | G83: 메인 | H83: 다음 보기의 사례를 읽고 물음에 답하시오. | I83: 이분법적 사고(흑백논리) · 척도화(비율) 기법 | J83: (1) 인지적 오류: *이분법적 사고(흑백논리)* — ‘전부 A학점 아니면 실패’라는 양극단 평가. (2) 수정기법: *척도화(비율) 기법* — 양단 결정 대신 *비율(%)·중간지대*로 평가하게 해 극단적 사고를 완화한다. | L83: 4 | M83: 2011 2015 2016-2회 2022-1회
A84: 83 | B84: Q244 | C84: 2.21 | D84: 65.5 | E84: D 자문·교육·심리재활 | F84: 자문·임상가 역할·수련 | G84: 메인 | H84: 다음의 사례를 읽고 당신은 임상심리사로서 A씨와 같이 정신질환을 가진 사람들을 모아서 정신 재활 프로그램을 운영하고자 한다. 이러한 정신 재활에 있어서 가장 기본적인 원리에 해당하는 5가지를 기 술하시오. | I84: 강점의 강조 · 개별화된 평가·돌봄 · 여기-지금 · 전문가의 열의 · 자기결정 | J84: ① *강점의 강조*. ② *개별화된 평가·돌봄*. ③ *여기-지금* 중심. ④ *전문가의 열의*. ⑤ *자기결정* 존중. | L84: 4 | M84: 2003 2005 2006 2022-1회
A85: 84 | B85: Q1 | C85: 2.2 | D85: 65.9 | E85: A 기초심리평가 | F85: 심리평가 총론·면접·행동관찰 | G85: 메인 | H85: 심리평가의 목적을 크게 3가지로 구분하시오. | I85: 임상적 진단 · 자아기능 평가 · 치료전략 평가 | J85: ① *임상적 진단*: 증상을 묶어 진단을 명확히 한다. ② *자아기능 평가*: 성격·인지·정서 등 문제의 정도를 평가한다. ③ *치료전략 평가*: 적합한 치료의 유형·전략·효과를 평가한다. | K85: 3 | L85: 3 | M85: 2013 2021-1회 2024-3회
A86: 85 | B86: Q35 | C86: 2.2 | D86: 66.3 | E86: A 기초심리평가 | F86: 심리평가 총론·면접·행동관찰 | G86: 메인 | H86: 지능을 평가할 때 주요 쟁점인 임상적 접근과 개념적 접근에 대해 설명하시오. | I86: 임상적 접근:측정 가능 실체·측정 방법 · 개념적 접근:이론적 구성개념·정의·구조 | J86: ① *임상적 접근*: 지능을 *측정 가능한 실체*로 보고 *어떻게 측정할 것인가*에 초점을 둔다. ② *개념적 접근*: 지능을 *가설적·이론적 구성개념*으로 보고 *정의와 구조를 이론적으로 탐구*한다. | K86: 6 | L86: 3 | M86: 2018-1회 2021-1회 2024-3회
A87: 86 | B87: Q183 | C87: 2.2 | D87: 66.7 | E87: D 자문·교육·심리재활 | F87: 정신재활 | G87: 메인 | H87: 사회기술훈련을 집단으로 시행할 때의 장점 3가지를 쓰시오. | I87: 반복 연습 · 즉각적 피드백·강화 · 실제 유사 환경(역할연습) · 지지·동기 · 효율성 | J87: ① *반복 연습*: 집단 상호작용으로 사회기술을 자연스럽게 반복 연습한다. ② *즉각적 피드백·강화*: 동료·치료자의 즉각 피드백과 강화를 받는다. ③ *실제와 유사한 학습환경*: 역할연습·시범으로 실생활과 유사하게 학습한다. (추가) 집단의 지지·동기 강화, 시간·비용 효율. | K87: 6 | L87: 3 | M87: 2008 2018-3회 2024-3회
A88: 87 | B88: Q138 | C88: 2.16 | D88: 67.1 | E88: B 기초심리상담 | F88: 상담관계·면접기법 | G88: 메인 | H88: 정신질환을 가진 환자와의 면접에서 라포(Rapport)를 형성하는 것이 중요하다. 라포 형성이 필요한 이유와 라포 형성의 방법 4가지를 쓰시오. | I88: 생산적·효과적 면접 · 경계·두려움 완화 · 경청 · 주의 기울이기 · 열린 자세 · 무비판적 태도 | J88: (이유) 면접을 *생산적·효과적*으로 만들고, 정신질환 환자의 *경계·두려움을 줄여 신뢰·수용적 관계*를 형성하기 위함이다. (방법) ① *경청하기*. ② *주의 기울이기*. ③ *열린 자세 유지*. ④ *무비판적 태도*. | K88: 4 | L88: 3 | M88: 2018-3회 2021-3회 2024-2회
A89: 88 | B89: Q212 | C89: 2.16 | D89: 67.5 | E89: C 심리치료 | F89: 행동치료 | G89: 메인 | H89: 파괴적 행동문제를 보이는 청소년을 대상으로 행동치료를 수행할 때 행동원리에 의한 정적강화의 수 준을 높여야 하는 이유를 3가지 쓰시오. | I89: 보상추구 반응양식 · 처벌의 낮은 효과성 · 역기능적 훈육의 영향 | J89: ① *보상추구 반응양식*: 바람직한 행동 빈도를 늘리려면 정적 강화가 효과적이다. ② *처벌의 낮은 효과성*: 파괴적 청소년에게 처벌은 행동 감소 효과가 낮다. ③ *역기능적 훈육의 영향*: 부적절한 훈육이 오히려 파괴적 행동을 강화해 왔다. | L89: 3 | M89: 2011 2017-1회 2024-2회
A90: 89 | B90: Q65 | C90: 2.13 | D90: 67.9 | E90: A 기초심리평가 | F90: MMPI·다면적 인성검사 | G90: 메인 | H90: MMPI 결과 T 점수로 L 척도 48, F 척도 110, K 척도 45를 보이고 5번 척도를 제외한 대부분의 임 상 척도가 높게 상승하였다. 이런 프로파일을 보일 가능성이 있는 사람들의 유형을 3가지 쓰시오. | I90: 증상 과장(관심·도움 추구) · 검사 저항·반항 · 책임 회피·기만 | J90: ① *증상 과장형*: 문제를 과장해 주위 관심·도움을 얻으려는 사람. ② *저항·반항형*: 검사·검사자에게 저항적·반항적 태도를 보이는 사람. ③ *회피·기만형*: 책임을 회피하거나 타인을 기만하려는 사람. (F척도 극단 상승=‘fake-bad’ 프로파일) | L90: 3 | M90: 2009 2020-3회 2024-1회
A91: 90 | B91: Q253 | C91: 2.04 | D91: 68.2 | E91: A 기초심리평가 | F91: 심리평가 총론·면접·행동관찰 | G91: 메인 | H91: 다음 보기의 사례를 읽고 물음에 답하시오. | I91: 기초학습·주의집중 부족 · 맞춤 학습전략 · 학습동기·흥미 프로그램 · 또래관계 곤란 · 대인·사회기술 훈련 | J91: ① A군은 *기초학습능력·주의집중력이 부족*하다. ② *적합한 학습전략·방법*을 적용한다. ③ *학습동기·흥미를 높이는 프로그램*으로 집중도를 향상시킨다. ④ A군은 *또래와 어울리지 못한다*. ⑤ *대인관계 개선·사회기술 훈련*을 받게 한다. | L91: 4 | M91: 2006 2013 2018-1회 2021-1회
A92: 91 | B92: Q26 | C92: 1.94 | D92: 68.6 | E92: A 기초심리평가 | F92: 검사이론·해석·보고서 | G92: 메인 | H92: 심리학적 평가보고서를 작성할 때 심리검사 결과와 생활사적 정보 통합이 중요한 이유를 기술하시오. | I92: 검사=제한된 정보 · 생활사로 보완 · 해석 오류 감소·전체적 이해 | J92: *심리검사 결과는 검사 상황에 근거한 제한된 정보*이므로, *발달 과정·실제 적응을 보여주는 생활사적 정보와 통합*해야 한다. 그래야 *해석 오류를 줄이고 내담자를 정확·전체적으로 이해*할 수 있다. | L92: 4 | M92: 2005 2012 2016-2회 2020-3회
A93: 92 | B93: Q68 | C93: 1.91 | D93: 68.9 | E93: A 기초심리평가 | F93: MMPI·다면적 인성검사 | G93: 메인 | H93: MMPI 6번 척도가 T 점수 72점이 나왔다면 이는 임상적으로 어떤 의미인지 5가지를 제시하시오. | I93: 대인관계 예민성 · 피해의식 · 만연한 의심 · 경직된 사고 · 관계망상 | J93: ① *대인관계 예민성*. ② *피해의식*. ③ *만연한 의심*. ④ *경직된 사고*. ⑤ *관계망상* 경향. (MMPI 6번 Pa척도 상승의 의미) | K93: 5 | L93: 4 | M93: 2003 2005 2015 2020-1회
A94: 93 | B94: Q162 | C94: 1.91 | D94: 69.3 | E94: A 기초심리평가 | F94: 신경심리·뇌손상 | G94: 메인 | H94: 기능적 기억 장애와 기질적 기억 장애의 예를 한 가지씩 쓰고 차이점을 설명하시오. | I94: 기능적:심리적 원인·회복 가능 · 기질적:뇌손상·회복 느림·불완전 | J94: (예) *기능성*: 사고를 목격한 후 그 장면을 일시적으로 잊는다. *기질성*: 뇌손상 후 심한 기억상실·주의집중 곤란을 보인다. (차이) *기능성*은 뇌 병변 없이 *심리적 요인*으로 기억이 억제돼 *회복이 빠르고 완전*하다. *기질성*은 *뇌 병변·신경계 손상*으로 저하돼 *회복이 느리고 불완전*하다. | K94: 4 | L94: 4 | M94: 2007 2009 2017-1회 2020-1회
A95: 94 | B95: Q15 | C95: 1.89 | D95: 69.6 | E95: A 기초심리평가 | F95: 심리평가 총론·면접·행동관찰 | G95: 메인 | H95: 보건소나 정신보건센터에 정신질환자가 내원했을 때, 가장 먼저 체크해야 하는 것 2가지를 쓰시오. | I95: 심리평가의 사유(주호소·증상) · 정신상태 평가 · 발달사적 정보 | J95: ① *심리평가의 사유*: 평가를 받게 된 주된 이유·증상을 먼저 확인한다. ② *정신상태 평가*: 말·표정·자세·태도로 현재 정신병리를 가늠한다. (또는 발달사적 정보 수집) | L95: 3 | M95: 2015-2회 2020-1회 2023-3회
A96: 95 | B96: Q90 | C96: 1.89 | D96: 70 | E96: A 기초심리평가 | F96: 투사검사(로샤·TAT·HTP) | G96: 메인 | H96: 로샤검사에서 반응영역의 기호 D, Dd, S의 의미와 채점기준을 쓰시오. | I96: D(흔한 부분반응,95%+) · Dd(드문 부분반응,5%미만) · S(공백반응,단독채점 불가) | J96: ① *D(흔한 부분반응)*: 정상집단에서 흔히(약 95%↑) 반응되는 부분영역을 사용. ② *Dd(드문 부분반응)*: 드물게(5% 미만) 반응되는 부분영역을 사용. ③ *S(공백반응)*: 흰 공백 영역을 사용한 반응으로 *단독 채점 불가, 다른 기호와 결합*(WS·DS·DdS). | K96: 6 | L96: 3 | M96: 2019-1회 2023-1회 2023-3회
A97: 96 | B97: Q109 | C97: 1.89 | D97: 70.3 | E97: C 심리치료 | F97: 행동치료 | G97: 메인 | H97: 관찰학습이 효과적으로 일어날 수 있는 조건을 4가지 기술하시오. | I97: 주의(관심) · 파지(유지) · 재생(재현) · 동기화 | J97: ① *주의(관심)*: 모델 행동에 관심·주의를 기울여야 한다. ② *파지(유지)*: 관찰한 정보를 기억에 저장·유지해야 한다. ③ *재생(재현)*: 관찰한 행동을 모방·연습해 수행할 수 있어야 한다. ④ *동기화*: 그 행동을 수행하려는 동기·유인이 있어야 한다. | K97: 4 | L97: 3 | M97: 2014 2021-1회 2023-3회
A98: 97 | B98: Q235 | C98: 1.89 | D98: 70.7 | E98: C 심리치료 | F98: 행동치료 | G98: 메인 | H98: 자문의 정신건강 모델 관점과 행동치료 모델의 관점 차이를 설명하시오. | I98: 정신건강:평등 관계·촉진자·요청자 능력 가정 · 행동:전문가 우위·교육·지식 불균형 | J98: ① *정신건강 모델*: 자문가는 요청자가 *문제해결 능력을 갖췄다고 가정*하고, *평등한 관계의 촉진자*로 조언한다. ② *행동(주의)치료 모델*: 자문가는 *학습이론을 가르치는 인정된 전문가*로, 요청자와 *지식 기반의 불균형·분명한 역할 구분*이 있다. | K98: 4 | L98: 3 | M98: 2013 2021-1회 2023-3회
A99: 98 | B99: Q250 | C99: 1.89 | D99: 71 | E99: D 자문·교육·심리재활 | F99: 정신재활 | G99: 메인 | H99: 만성 정신질환 환자를 위한 정신 사회 재활의 일반적 목표를 3가지 쓰시오. | I99: 증상 호전 유지 · 대인·일상생활 기술 · 사회적 기능·지역사회 적응 · 직업 기능 · 삶의 질 | J99: ① *증상 호전의 장기 유지*. ② *대인관계·독립적 일상생활 기술 습득*. ③ *사회적 기능 향상·지역사회 적응 촉진*. (추가) 직업기능 회복, 삶의 질 증진. | K99: 6 | L99: 3 | M99: 2015 2016-2회 2023-3회
A100: 99 | B100: Q101 | C100: 1.88 | D100: 71.4 | E100: A 기초심리평가 | F100: 지능검사 | G100: 메인 | H100: 신경심리 평가에서 일반적으로 다루어야 하는 주요 평가영역 6가지를 쓰시오. | I100: 지능 · 기억·학습 · 언어기능 · 주의·처리속도 · 시각구성(시공간) · 집행(실행)기능 | J100: ① *지능*. ② *기억·학습능력*. ③ *언어기능*. ④ *주의력·정신처리속도*. ⑤ *시각구성(시공간)기능*. ⑥ *집행(실행)기능*. | K100: 5 | L100: 2 | M100: 2015-2회 2025-3회
...

Sheet 회차별
A1: 회차 | B1: 연도 | C1: Q번호 | D1: 세부단원 | E1: 구분 | F1: 문제 | G1: 평균배점 | H1: 가중치
A2: 1985 | B2: 1985 | C2: Q150 | D2: 상담윤리 | E2: 확장 | F2: Kadushin | H2: 1.35
A3: 3 | B3: 2003 | C3: Q118 | D3: 상담관계·면접기법 | E3: 메인 | F3: 다음 보기의 내담자 진술에 대한 상담자의 반응은 각각 어떤 개입기술에 해당하는지 쓰시오. | H3: 16.17
A4: 3 | B4: 2003 | C4: Q7 | D4: 심리평가 총론·면접·행동관찰 | E4: 메인 | F4: 초기 면담 과정에 포함되어야 할 내담자에 대한 행동관찰 요소 5가지를 쓰시오. | G4: 5 | H4: 6.19
A5: 3 | B5: 2003 | C5: Q117 | D5: 상담관계·면접기법 | E5: 메인 | F5: 다음 보기의 사례를 읽고 내담자의 말에 대한 반영적 반응을 적절히 제시하시오. | H5: 5.64
A6: 3 | B6: 2003 | C6: Q161 | D6: 건강심리·중독·스트레스 | E6: 메인 | F6: 최근 인터넷 중독이 사회적인 관심으로 대두되고 있다. 인터넷 중독이 의심되는 내담자로 하여금 인 터넷 중독에서 벗어날 수 있도록 일반적으로 추천하는 방법을 5가지만 쓰시오. | H6: 3.38
A7: 3 | B7: 2003 | C7: Q115 | D7: 상담과정·목표·종결 | E7: 메인 | F7: 다음은 상담 초기에 흔히 볼 수 있는 대화이다. 보기에서 내담자는 상담의 효과에 대한 의문과 회의 를 표명하였다. 이와 같은 경우 상담자는 어떻게 반응해야 하며, 그러한 반응의 근거는 무엇인지 설 명하시오. | H7: 2.82
A8: 3 | B8: 2003 | C8: Q31 | D8: 심리평가 총론·면접·행동관찰 | E8: 메인 | F8: 아동 및 청소년을 대상으로 한 상담에서는 발달적 측면에 대한 고려가 이루어져야 한다. 피아제 (Piaget)의 인지발달 이론에 의한 발달단계에서 전조작기, 구체적 조작기, 형식적 조작기에 해당하는 아동 및 청소년을 위한 상담의 특성 및 주의사항을 발달 단계별로 쓰시오. | G8: 6 | H8: 2.46
A9: 3 | B9: 2003 | C9: Q22 | D9: 검사이론·해석·보고서 | E9: 메인 | F9: 임상 면접의 서면보고서에 포함되어야 할 사항 5가지를 쓰시오. | G9: 5 | H9: 2.29
A10: 3 | B10: 2003 | C10: Q244 | D10: 자문·임상가 역할·수련 | E10: 메인 | F10: 다음의 사례를 읽고 당신은 임상심리사로서 A씨와 같이 정신질환을 가진 사람들을 모아서 정신 재활 프로그램을 운영하고자 한다. 이러한 정신 재활에 있어서 가장 기본적인 원리에 해당하는 5가지를 기 술하시오. | H10: 2.21
A11: 3 | B11: 2003 | C11: Q68 | D11: MMPI·다면적 인성검사 | E11: 메인 | F11: MMPI 6번 척도가 T 점수 72점이 나왔다면 이는 임상적으로 어떤 의미인지 5가지를 제시하시오. | G11: 5 | H11: 1.91
A12: 3 | B12: 2003 | C12: Q82 | D12: 지능검사 | E12: 확장 | F12: 다음 사례를 읽고 검사결과 해석을 쓰시오. | H12: 1.66
A13: 4 | B13: 2004 | C13: Q118 | D13: 상담관계·면접기법 | E13: 메인 | F13: 다음 보기의 내담자 진술에 대한 상담자의 반응은 각각 어떤 개입기술에 해당하는지 쓰시오. | H13: 16.17
A14: 4 | B14: 2004 | C14: Q123 | D14: 정신역동·인간중심·이론 | E14: 메인 | F14: 방어기제의 의미를 쓰고, 방어기제 유형 5가지를 간략히 설명하시오. | H14: 9.1
A15: 4 | B15: 2004 | C15: Q243 | D15: 정신재활 | E15: 메인 | F15: 치료와 재활의 의미와 차이를 기술하시오. | G15: 6 | H15: 6.74
A16: 4 | B16: 2004 | C16: Q34 | D16: 지능검사 | E16: 메인 | F16: 웩슬러가 정의한 지능의 개념을 쓰고 유동성 지능과 결정성 지능의 특징을 각각 2가지씩 기술하시오. | G16: 6 | H16: 6.74
A17: 4 | B17: 2004 | C17: Q154 | D17: 진단·이상심리 | E17: 메인 | F17: 다음 보기의 사례를 읽고 물음에 답하시오. | H17: 3.32
A18: 4 | B18: 2004 | C18: Q33 | D18: 검사이론·해석·보고서 | E18: 메인 | F18: 타당도의 개념 및 종류에 대해 설명하시오. | H18: 2.7
A19: 4 | B19: 2004 | C19: Q239 | D19: 집단상담 | E19: 확장 | F19: 다음 보기의 사례를 읽고 물음에 답하시오. | H19: 1.31
A20: 4 | B20: 2004 | C20: Q153 | D20: 신경심리·뇌손상 | E20: 확장 | F20: 다음 보기의 사례를 읽고 물음에 답하시오. | H20: 1.13
A21: 4 | B21: 2004 | C21: Q50 | D21: 지능검사 | E21: 확장 | F21: 웩슬러 지능검사의 결과를 통해 나타나는 우울증의 특징 5가지를 쓰시오. | G21: 4.7 | H21: 0.69
A22: 4 | B22: 2004 | C22: Q160 | D22: 건강심리·중독·스트레스 | E22: 확장 | F22: 인터넷 중독의 증후를 6가지만 쓰시오. | H22: 0.67
A23: 4 | B23: 2004 | C23: Q163 | D23: 신경심리·뇌손상 | E23: 확장 | F23: DSM-5 분류상 알츠하이머병으로 인한 주요 또는 경도 신경인지장애의 주요 증상 4가지를 기술하시 오. | H23: 0.31
A24: 5 | B24: 2005 | C24: Q117 | D24: 상담관계·면접기법 | E24: 메인 | F24: 다음 보기의 사례를 읽고 내담자의 말에 대한 반영적 반응을 적절히 제시하시오. | H24: 5.64
A25: 5 | B25: 2005 | C25: Q245 | D25: 정신재활 | E25: 메인 | F25: 만성 정신과 환자가 있는 가족이 환자의 치료와 재활과정을 돕는 방법 5가지와 피해야할 태도 5가지 를 쓰시오. | H25: 3.76
A26: 5 | B26: 2005 | C26: Q209 | D26: 인지·인지행동치료 | E26: 메인 | F26: 다음 보기의 사례를 읽고 물음에 답하시오. | H26: 2.82
A27: 5 | B27: 2005 | C27: Q244 | D27: 자문·임상가 역할·수련 | E27: 메인 | F27: 다음의 사례를 읽고 당신은 임상심리사로서 A씨와 같이 정신질환을 가진 사람들을 모아서 정신 재활 프로그램을 운영하고자 한다. 이러한 정신 재활에 있어서 가장 기본적인 원리에 해당하는 5가지를 기 술하시오. | H27: 2.21
A28: 5 | B28: 2005 | C28: Q26 | D28: 검사이론·해석·보고서 | E28: 메인 | F28: 심리학적 평가보고서를 작성할 때 심리검사 결과와 생활사적 정보 통합이 중요한 이유를 기술하시오. | H28: 1.94
A29: 5 | B29: 2005 | C29: Q68 | D29: MMPI·다면적 인성검사 | E29: 메인 | F29: MMPI 6번 척도가 T 점수 72점이 나왔다면 이는 임상적으로 어떤 의미인지 5가지를 제시하시오. | G29: 5 | H29: 1.91
A30: 5 | B30: 2005 | C30: Q11 | D30: 검사이론·해석·보고서 | E30: 확장 | F30: 총집검사(Full Battery)를 실시하는 이유 2가지를 기술하시오. | H30: 0.32
A31: 5 | B31: 2005 | C31: Q32 | D31: 검사이론·해석·보고서 | E31: 확장 | F31: 표준화 검사에서 흔히 사용되는 원점수와 백분위 점수, Z점수, T점수 간의 관계를 중앙 집중치와 분 산의 관점에서 비교하고 흔히 검사결과에서는 어떠한 수준을 이상으로 간주하는가에 대해 설명하시오. | H31: 0.32
A32: 5 | B32: 2005 | C32: Q80 | D32: MMPI·다면적 인성검사 | E32: 확장 | F32: 다음 사례의 MMPI 검사결과에서 유추되는 임상적 특징 5가지를 기술하시오. | G32: 4 | H32: 0.32
A33: 6 | B33: 2006 | C33: Q71 | D33: MMPI·다면적 인성검사 | E33: 메인 | F33: MMPI 상승 분석에서 4-9/9-4 형태에 대한 해석 5가지를 쓰시오. | G33: 5 | H33: 9.39
A34: 6 | B34: 2006 | C34: Q243 | D34: 정신재활 | E34: 메인 | F34: 치료와 재활의 의미와 차이를 기술하시오. | G34: 6 | H34: 6.74
A35: 6 | B35: 2006 | C35: Q7 | D35: 심리평가 총론·면접·행동관찰 | E35: 메인 | F35: 초기 면담 과정에 포함되어야 할 내담자에 대한 행동관찰 요소 5가지를 쓰시오. | G35: 5 | H35: 6.19
A36: 6 | B36: 2006 | C36: Q121 | D36: 상담관계·면접기법 | E36: 메인 | F36: 내담자의 반응을 해석할 때의 주의사항 5가지를 제시하시오. | G36: 5 | H36: 3.62
A37: 6 | B37: 2006 | C37: Q161 | D37: 건강심리·중독·스트레스 | E37: 메인 | F37: 최근 인터넷 중독이 사회적인 관심으로 대두되고 있다. 인터넷 중독이 의심되는 내담자로 하여금 인 터넷 중독에서 벗어날 수 있도록 일반적으로 추천하는 방법을 5가지만 쓰시오. | H37: 3.38
A38: 6 | B38: 2006 | C38: Q112 | D38: 상담관계·면접기법 | E38: 메인 | F38: 내담자의 말을 경청하는 데 있어서 좋은 상담자가 되기 위한 구체적인 방법 5가지를 쓰시오. (생산적 인 경청을 하는 상담자의 태도, 효과적 경청을 위한 행동) | H38: 3.11
A39: 6 | B39: 2006 | C39: Q128 | D39: 상담윤리 | E39: 메인 | F39: 상담자가 상담시 내담자와의 관계에 대해 알고 있어야 할 윤리 문제에 대한 기본원칙을 쓰고, 행동지 침을 5가지 기술하시오. | G39: 7 | H39: 3.06
A40: 6 | B40: 2006 | C40: Q115 | D40: 상담과정·목표·종결 | E40: 메인 | F40: 다음은 상담 초기에 흔히 볼 수 있는 대화이다. 보기에서 내담자는 상담의 효과에 대한 의문과 회의 를 표명하였다. 이와 같은 경우 상담자는 어떻게 반응해야 하며, 그러한 반응의 근거는 무엇인지 설 명하시오. | H40: 2.82
A41: 6 | B41: 2006 | C41: Q22 | D41: 검사이론·해석·보고서 | E41: 메인 | F41: 임상 면접의 서면보고서에 포함되어야 할 사항 5가지를 쓰시오. | G41: 5 | H41: 2.29
A42: 6 | B42: 2006 | C42: Q244 | D42: 자문·임상가 역할·수련 | E42: 메인 | F42: 다음의 사례를 읽고 당신은 임상심리사로서 A씨와 같이 정신질환을 가진 사람들을 모아서 정신 재활 프로그램을 운영하고자 한다. 이러한 정신 재활에 있어서 가장 기본적인 원리에 해당하는 5가지를 기 술하시오. | H42: 2.21
A43: 6 | B43: 2006 | C43: Q253 | D43: 심리평가 총론·면접·행동관찰 | E43: 메인 | F43: 다음 보기의 사례를 읽고 물음에 답하시오. | H43: 2.04
A44: 6 | B44: 2006 | C44: Q153 | D44: 신경심리·뇌손상 | E44: 확장 | F44: 다음 보기의 사례를 읽고 물음에 답하시오. | H44: 1.13
A45: 6 | B45: 2006 | C45: Q39 | D45: 지능검사 | E45: 확장 | F45: K-WAIS-IV의 핵심 소검사들을 쓰고 각각 소검사가 측정한 내용을 기술하시오. | G45: 11 | H45: 0.96
A46: 6 | B46: 2006 | C46: Q27 | D46: 검사이론·해석·보고서 | E46: 확장 | F46: 심리평가 보고서의 일반적인 지침 5가지를 쓰시오. | G46: 4.5 | H46: 0.32
A47: 7 | B47: 2007 | C47: Q123 | D47: 정신역동·인간중심·이론 | E47: 메인 | F47: 방어기제의 의미를 쓰고, 방어기제 유형 5가지를 간략히 설명하시오. | H47: 9.1
A48: 7 | B48: 2007 | C48: Q233 | D48: 인지·인지행동치료 | E48: 메인 | F48: 벡(Beck)의 인지적 오류 6가지를 쓰고, 각각에 대해 설명하시오. | G48: 6.3 | H48: 8.19
A49: 7 | B49: 2007 | C49: Q243 | D49: 정신재활 | E49: 메인 | F49: 치료와 재활의 의미와 차이를 기술하시오. | G49: 6 | H49: 6.74
A50: 7 | B50: 2007 | C50: Q70 | D50: MMPI·다면적 인성검사 | E50: 메인 | F50: MMPI-2 척도에서 6-8/8-6유형의 일반적인 특성 5가지와 가능성 있는 장애 진단명 2가지를 쓰시오. | H50: 4.55
A51: 7 | B51: 2007 | C51: Q209 | D51: 인지·인지행동치료 | E51: 메인 | F51: 다음 보기의 사례를 읽고 물음에 답하시오. | H51: 2.82
A52: 7 | B52: 2007 | C52: Q10 | D52: 심리평가 총론·면접·행동관찰 | E52: 메인 | F52: 심리평가에 있어서 전통적 모델과 치료적 모델의 차이를 설명하시오. 단, 각 모델의 목표와 평가자의 역할에 대해서만 기술하시오. | H52: 2.65
A53: 7 | B53: 2007 | C53: Q96 | D53: 투사검사(로샤·TAT·HTP) | E53: 메인 | F53: 투사적 그림검사인 집-나무-사람 그림검사(HTP)에서 그림의 크기와 위치가 나타내는 의미를 2가지씩 제시하시오. | H53: 2.65
A54: 7 | B54: 2007 | C54: Q9 | D54: 심리평가 총론·면접·행동관찰 | E54: 메인 | F54: 심리평가자의 과학자적 자질과 예술가적 자질에 대해 쓰시오. | H54: 2.42
A55: 7 | B55: 2007 | C55: Q162 | D55: 신경심리·뇌손상 | E55: 메인 | F55: 기능적 기억 장애와 기질적 기억 장애의 예를 한 가지씩 쓰고 차이점을 설명하시오. | G55: 4 | H55: 1.91
A56: 7 | B56: 2007 | C56: Q236 | D56: 자문·임상가 역할·수련 | E56: 확장 | F56: 다음 보기는 임상심리학에서 일반적인 자문의 순서를 나타낸 것이다. 빈칸에 들어갈 내용을 각각 쓰 시오. | H56: 1.84
A57: 7 | B57: 2007 | C57: Q82 | D57: 지능검사 | E57: 확장 | F57: 다음 사례를 읽고 검사결과 해석을 쓰시오. | H57: 1.66
A58: 7 | B58: 2007 | C58: Q237 | D58: 자문·임상가 역할·수련 | E58: 확장 | F58: 임상심리학자의 수련과 관련하여 제시된 ‘과학자-전문가 모델’의 의미를 설명하시오. | H58: 0.73
A59: 7 | B59: 2007 | C59: Q134 | D59: 건강심리·중독·스트레스 | E59: 확장 | F59: 상담 장면에서 내담자에 대한 비밀보장을 할 수 없는 예외적인 상황을 2가지만 제시하고, 각각의 상 황에 대한 올바른 대처방법을 쓰시오. | H59: 0.33
A60: 7 | B60: 2007 | C60: Q214 | D60: 행동치료 | E60: 확장 | F60: 자기표현 훈련이 필요한 내담자의 행동상의 특성을 6가지 제시하고, 훈련 과정에서의 유의사항을 2 가지 쓰시오. | G60: 7.5 | H60: 0.33
A61: 8 | B61: 2008 | C61: Q120 | D61: 상담과정·목표·종결 | E61: 메인 | F61: 심리상담 과정에서 내담자가 침묵을 지키는 이유 6가지를 기술하시오. | G61: 4 | H61: 10.78
A62: 8 | B62: 2008 | C62: Q71 | D62: MMPI·다면적 인성검사 | E62: 메인 | F62: MMPI 상승 분석에서 4-9/9-4 형태에 대한 해석 5가지를 쓰시오. | G62: 5 | H62: 9.39
A63: 8 | B63: 2008 | C63: Q126 | D63: 정신역동·인간중심·이론 | E63: 메인 | F63: 인간중심치료에서 로저스(Rogers)가 강조한 치료자의 특성 혹은 태도를 3가지 쓰시오. | G63: 4 | H63: 7.93
A64: 8 | B64: 2008 | C64: Q106 | D64: 상담과정·목표·종결 | E64: 메인 | F64: 내담자에 대한 심리평가를 위해 사용되는 행동평가 방법 4가지를 제시하시오. | G64: 6 | H64: 4.7
A65: 8 | B65: 2008 | C65: Q121 | D65: 상담관계·면접기법 | E65: 메인 | F65: 내담자의 반응을 해석할 때의 주의사항 5가지를 제시하시오. | G65: 5 | H65: 3.62
A66: 8 | B66: 2008 | C66: Q125 | D66: 정신역동·인간중심·이론 | E66: 메인 | F66: 정신분석적 상담 과정에서 나타나는 전이, 역전이에 대해 설명하시오. | G66: 4 | H66: 2.46
A67: 8 | B67: 2008 | C67: Q22 | D67: 검사이론·해석·보고서 | E67: 메인 | F67: 임상 면접의 서면보고서에 포함되어야 할 사항 5가지를 쓰시오. | G67: 5 | H67: 2.29
A68: 8 | B68: 2008 | C68: Q183 | D68: 정신재활 | E68: 메인 | F68: 사회기술훈련을 집단으로 시행할 때의 장점 3가지를 쓰시오. | G68: 6 | H68: 2.2
A69: 8 | B69: 2008 | C69: Q82 | D69: 지능검사 | E69: 확장 | F69: 다음 사례를 읽고 검사결과 해석을 쓰시오. | H69: 1.66
A70: 8 | B70: 2008 | C70: Q94 | D70: 투사검사(로샤·TAT·HTP) | E70: 확장 | F70: 로샤검사(Rorschach Test)나 다면적 인성검사(MMPI)와 같은 진단적 심리검사는 그 결과가 일치하지 않을 수 있다. 그 이유에 대해 간략히 설명하시오. | H70: 1.61
A71: 8 | B71: 2008 | C71: Q239 | D71: 집단상담 | E71: 확장 | F71: 다음 보기의 사례를 읽고 물음에 답하시오. | H71: 1.31
A72: 8 | B72: 2008 | C72: Q202 | D72: 행동치료 | E72: 확장 | F72: 반복적으로 또래친구들을 괴롭히며 교사에게 반항하는 아동의 문제를 호소하는 초등학교 3학년 담임 선생님에게 자문을 하고자 한다. 해당 아동의 문제를 해결하는 데 도움을 줄 수 있는 조언을 4가지 쓰시오. | H72: 0.75
A73: 8 | B73: 2008 | C73: Q160 | D73: 건강심리·중독·스트레스 | E73: 확장 | F73: 인터넷 중독의 증후를 6가지만 쓰시오. | H73: 0.67
A74: 8 | B74: 2008 | C74: Q14 | D74: 투사검사(로샤·TAT·HTP) | E74: 확장 | F74: 심리검사 결과를 해석하고 통합하는 데 있어 환자에 대한 정보를 얻을 수 있는 정보의 출처를 4가지 로 나누어 설명하시오. | H74: 0.33
A75: 8 | B75: 2008 | C75: Q20 | D75: 검사이론·해석·보고서 | E75: 확장 | F75: 아동을 초기 면접한 내용으로 평가보고서에 기록하고자 한다. 구체적으로 관찰해야 할 사항 5가지를 쓰시오. | H75: 0.33
A76: 9 | B76: 2009 | C76: Q176 | D76: 집단상담 | E76: 메인 | F76: 얄롬(Yalom)이 제시한 집단상담의 치료적 요인을 5가지 기술하시오. | G76: 5.3 | H76: 16.17
A77: 9 | B77: 2009 | C77: Q118 | D77: 상담관계·면접기법 | E77: 메인 | F77: 다음 보기의 내담자 진술에 대한 상담자의 반응은 각각 어떤 개입기술에 해당하는지 쓰시오. | H77: 16.17
A78: 9 | B78: 2009 | C78: Q248 | D78: 정신재활 | E78: 메인 | F78: 정신사회재활을 계획하고 개입할 때 재활치료의 기본 구성요소를 5가지 쓰시오. /만성 정신질환자에 대한 재활개입 방법을 3가지 쓰고, 각각에 대해 설명하시오. /학습 및 환경변화를 통해 만성 정신질 환자의 사회적 기능을 최대한 회복시키는 것을 ‘정신사회재활’이라고 한다. 정신사회재활에서 환자를 대상으로 한 치료적 개입에 포함되는 내용(구성요소)을 4가지 쓰시오. | H78: 6.19
A79: 9 | B79: 2009 | C79: Q154 | D79: 진단·이상심리 | E79: 메인 | F79: 다음 보기의 사례를 읽고 물음에 답하시오. | H79: 3.32
A80: 9 | B80: 2009 | C80: Q216 | D80: 행동치료 | E80: 메인 | F80: 공포증 환자를 대상으로 체계적 둔감법을 실시하고자 한다. 체계적 둔감법의 3단계 과정을 순서대로 쓰고, 각 단계에 대해 간략히 설명하시오. | G80: 6 | H80: 3.15
A81: 9 | B81: 2009 | C81: Q86 | D81: MMPI·다면적 인성검사 | E81: 메인 | F81: MMPI나 BDI 같은 자기 보고형 객관적 심리검사의 장점과 단점을 3가지씩 쓰시오. | G81: 5 | H81: 2.89
A82: 9 | B82: 2009 | C82: Q209 | D82: 인지·인지행동치료 | E82: 메인 | F82: 다음 보기의 사례를 읽고 물음에 답하시오. | H82: 2.82
A83: 9 | B83: 2009 | C83: Q65 | D83: MMPI·다면적 인성검사 | E83: 메인 | F83: MMPI 결과 T 점수로 L 척도 48, F 척도 110, K 척도 45를 보이고 5번 척도를 제외한 대부분의 임 상 척도가 높게 상승하였다. 이런 프로파일을 보일 가능성이 있는 사람들의 유형을 3가지 쓰시오. | H83: 2.13
A84: 9 | B84: 2009 | C84: Q162 | D84: 신경심리·뇌손상 | E84: 메인 | F84: 기능적 기억 장애와 기질적 기억 장애의 예를 한 가지씩 쓰고 차이점을 설명하시오. | G84: 4 | H84: 1.91
A85: 9 | B85: 2009 | C85: Q219 | D85: 행동치료 | E85: 확장 | F85: 주의력 결핍 및 과잉행동장애(ADHD)의 치료방법 중 행동치료의 기법을 3가지 쓰고, 각각에 대해 설명하시오. | G85: 6 | H85: 1.55
A86: 9 | B86: 2009 | C86: Q155 | D86: 진단·이상심리 | E86: 확장 | F86: 다음 보기의 사례를 읽고 물음에 답하시오. | H86: 1.16
A87: 9 | B87: 2009 | C87: Q158 | D87: 진단·이상심리 | E87: 확장 | F87: 다음 보기의 사례를 읽고 반응성 애착 장애 관련하여 다음의 질문에 답하시오. | H87: 0.75
A88: 9 | B88: 2009 | C88: Q3 | D88: 심리평가 총론·면접·행동관찰 | E88: 확장 | F88: 내담자에 대한 심리평가에서 중요하게 다루어지는 자료, 중요사항 혹은 영역 3가지를 쓰시오. | H88: 0.34
A89: 9 | B89: 2009 | C89: Q4 | D89: 심리평가 총론·면접·행동관찰 | E89: 확장 | F89: 내담자에 대한 심리검사 평가에서 중요하게 다루어지는 자료, 중요사항 혹은 영역 3가지를 쓰시오. | H89: 0.34
A90: 9 | B90: 2009 | C90: Q85 | D90: 기타 성격·진로검사 | E90: 확장 | F90: 다음은 심리상담소에서 실시한 A군의 홀랜드 유형 직업 적성검사 결과이다. 이를 토대로 다음에 제시 된 물음에 답하시오. | H90: 0.34
A91: 2009 | B91: 2009 | C91: Q57 | D91: 지능검사 | E91: 확장 | F91: Lichtenberger와 카우프만 | H91: 1.35
A92: 10 | B92: 2010 | C92: Q120 | D92: 상담과정·목표·종결 | E92: 메인 | F92: 심리상담 과정에서 내담자가 침묵을 지키는 이유 6가지를 기술하시오. | G92: 4 | H92: 10.78
A93: 10 | B93: 2010 | C93: Q123 | D93: 정신역동·인간중심·이론 | E93: 메인 | F93: 방어기제의 의미를 쓰고, 방어기제 유형 5가지를 간략히 설명하시오. | H93: 9.1
A94: 10 | B94: 2010 | C94: Q126 | D94: 정신역동·인간중심·이론 | E94: 메인 | F94: 인간중심치료에서 로저스(Rogers)가 강조한 치료자의 특성 혹은 태도를 3가지 쓰시오. | G94: 4 | H94: 7.93
A95: 10 | B95: 2010 | C95: Q34 | D95: 지능검사 | E95: 메인 | F95: 웩슬러가 정의한 지능의 개념을 쓰고 유동성 지능과 결정성 지능의 특징을 각각 2가지씩 기술하시오. | G95: 6 | H95: 6.74
A96: 10 | B96: 2010 | C96: Q240 | D96: 정신재활 | E96: 메인 | F96: 재활모형에서 손상, 장애, 핸디캡의 의미를 쓰고, 개입방법상의 차이점을 설명하시오. | G96: 5.5 | H96: 5.05
A97: 10 | B97: 2010 | C97: Q24 | D97: 진단·이상심리 | E97: 메인 | F97: 심리평가의 최종 보고서에 반드시 포함되어야 할 내용을 5가지만 쓰시오. | G97: 5 | H97: 4.97
A98: 10 | B98: 2010 | C98: Q70 | D98: MMPI·다면적 인성검사 | E98: 메인 | F98: MMPI-2 척도에서 6-8/8-6유형의 일반적인 특성 5가지와 가능성 있는 장애 진단명 2가지를 쓰시오. | H98: 4.55
A99: 10 | B99: 2010 | C99: Q161 | D99: 건강심리·중독·스트레스 | E99: 메인 | F99: 최근 인터넷 중독이 사회적인 관심으로 대두되고 있다. 인터넷 중독이 의심되는 내담자로 하여금 인 터넷 중독에서 벗어날 수 있도록 일반적으로 추천하는 방법을 5가지만 쓰시오. | H99: 3.38
A100: 10 | B100: 2010 | C100: Q216 | D100: 행동치료 | E100: 메인 | F100: 공포증 환자를 대상으로 체계적 둔감법을 실시하고자 한다. 체계적 둔감법의 3단계 과정을 순서대로 쓰고, 각 단계에 대해 간략히 설명하시오. | G100: 6 | H100: 3.15
...

Sheet 단원요약
A1: 영역 | B1: 세부단원 | C1: 총문항 | D1: 메인 | E1: 확장 | F1: 검토필요
A2: A 기초심리평가 | B2: MMPI·다면적 인성검사 | C2: =COUNTIF(단원별DB!B:B,B2) | D2: =COUNTIFS(단원별DB!B:B,B2,단원별DB!C:C,"메인") | E2: =COUNTIFS(단원별DB!B:B,B2,단원별DB!C:C,"확장") | F2: =COUNTIFS(단원별DB!B:B,B2,단원별DB!L:L,"검토필요")
A3: A 기초심리평가 | B3: 기타 성격·진로검사 | C3: =COUNTIF(단원별DB!B:B,B3) | D3: =COUNTIFS(단원별DB!B:B,B3,단원별DB!C:C,"메인") | E3: =COUNTIFS(단원별DB!B:B,B3,단원별DB!C:C,"확장") | F3: =COUNTIFS(단원별DB!B:B,B3,단원별DB!L:L,"검토필요")
A4: A 기초심리평가 | B4: 지능검사 | C4: =COUNTIF(단원별DB!B:B,B4) | D4: =COUNTIFS(단원별DB!B:B,B4,단원별DB!C:C,"메인") | E4: =COUNTIFS(단원별DB!B:B,B4,단원별DB!C:C,"확장") | F4: =COUNTIFS(단원별DB!B:B,B4,단원별DB!L:L,"검토필요")
A5: A 기초심리평가 | B5: 신경심리·뇌손상 | C5: =COUNTIF(단원별DB!B:B,B5) | D5: =COUNTIFS(단원별DB!B:B,B5,단원별DB!C:C,"메인") | E5: =COUNTIFS(단원별DB!B:B,B5,단원별DB!C:C,"확장") | F5: =COUNTIFS(단원별DB!B:B,B5,단원별DB!L:L,"검토필요")
A6: A 기초심리평가 | B6: 투사검사(로샤·TAT·HTP) | C6: =COUNTIF(단원별DB!B:B,B6) | D6: =COUNTIFS(단원별DB!B:B,B6,단원별DB!C:C,"메인") | E6: =COUNTIFS(단원별DB!B:B,B6,단원별DB!C:C,"확장") | F6: =COUNTIFS(단원별DB!B:B,B6,단원별DB!L:L,"검토필요")
A7: A 기초심리평가 | B7: 심리평가 총론·면접·행동관찰 | C7: =COUNTIF(단원별DB!B:B,B7) | D7: =COUNTIFS(단원별DB!B:B,B7,단원별DB!C:C,"메인") | E7: =COUNTIFS(단원별DB!B:B,B7,단원별DB!C:C,"확장") | F7: =COUNTIFS(단원별DB!B:B,B7,단원별DB!L:L,"검토필요")
A8: A 기초심리평가 | B8: 검사이론·해석·보고서 | C8: =COUNTIF(단원별DB!B:B,B8) | D8: =COUNTIFS(단원별DB!B:B,B8,단원별DB!C:C,"메인") | E8: =COUNTIFS(단원별DB!B:B,B8,단원별DB!C:C,"확장") | F8: =COUNTIFS(단원별DB!B:B,B8,단원별DB!L:L,"검토필요")
A9: A 기초심리평가 | B9: 진단·이상심리 | C9: =COUNTIF(단원별DB!B:B,B9) | D9: =COUNTIFS(단원별DB!B:B,B9,단원별DB!C:C,"메인") | E9: =COUNTIFS(단원별DB!B:B,B9,단원별DB!C:C,"확장") | F9: =COUNTIFS(단원별DB!B:B,B9,단원별DB!L:L,"검토필요")
A10: B 기초심리상담 | B10: 상담관계·면접기법 | C10: =COUNTIF(단원별DB!B:B,B10) | D10: =COUNTIFS(단원별DB!B:B,B10,단원별DB!C:C,"메인") | E10: =COUNTIFS(단원별DB!B:B,B10,단원별DB!C:C,"확장") | F10: =COUNTIFS(단원별DB!B:B,B10,단원별DB!L:L,"검토필요")
A11: B 기초심리상담 | B11: 상담과정·목표·종결 | C11: =COUNTIF(단원별DB!B:B,B11) | D11: =COUNTIFS(단원별DB!B:B,B11,단원별DB!C:C,"메인") | E11: =COUNTIFS(단원별DB!B:B,B11,단원별DB!C:C,"확장") | F11: =COUNTIFS(단원별DB!B:B,B11,단원별DB!L:L,"검토필요")
A12: B 기초심리상담 | B12: 상담윤리 | C12: =COUNTIF(단원별DB!B:B,B12) | D12: =COUNTIFS(단원별DB!B:B,B12,단원별DB!C:C,"메인") | E12: =COUNTIFS(단원별DB!B:B,B12,단원별DB!C:C,"확장") | F12: =COUNTIFS(단원별DB!B:B,B12,단원별DB!L:L,"검토필요")
A13: B 기초심리상담 | B13: 집단상담 | C13: =COUNTIF(단원별DB!B:B,B13) | D13: =COUNTIFS(단원별DB!B:B,B13,단원별DB!C:C,"메인") | E13: =COUNTIFS(단원별DB!B:B,B13,단원별DB!C:C,"확장") | F13: =COUNTIFS(단원별DB!B:B,B13,단원별DB!L:L,"검토필요")
... A20: D 자문·교육·심리재활 | B20: 건강심리·중독·스트레스 | C20: =COUNTIF(단원별DB!B:B,B20) | D20: =COUNTIFS(단원별DB!B:B,B20,단원별DB!C:C,"메인") | E20: =COUNTIFS(단원별DB!B:B,B20,단원별DB!C:C,"확장") | F20: =COUNTIFS(단원별DB!B:B,B20,단원별DB!L:L,"검토필요")
B21: 합계 | C21: =SUM(C2:C20) | D21: =SUM(D2:D20) | E21: =SUM(E2:E20) | F21: =SUM(F2:F20)
